Workbook

Sheet 00_使い方
B2: マグネットネイル × MRI 実験記録・集計ワークブック
B3: PRESENTATION_PLAN.md の案A〜案F に対応。記録シートに入力すると、集計シートが自動で更新されます。
B5: セルの色
B6: うすい黄色 | C6: 入力するセル。ここだけ手で埋めます。
B7: うすい灰色 | C7: 自動計算セル。数式が入っています。上書きしないでください。
B8: うすい青色 | C8: 記入例。1行目のデータ行に入れてあります。上書きするか、行ごと削除して構いません。
B10: シートの構成
B11: 01_試料マスタ | C11: 供試するネイル試料の台帳。以降の全シートはここの試料IDを参照します。最初に埋めてください。
B12: 02_偏向角_記録 | C12: 案A。ASTM F2052 の偏向角法。1測定1行。磁気力は自動計算されます。
B13: 03_偏向角_集計 | C13: 02から自動集計。試料×装置ごとの平均・SD・95%信頼区間・45°判定。入力不要。
B14: 04_アーチファクト_記録 | C14: 案B。ファントム撮影。1条件1測定1行。撮影条件をすべて残してください。
B15: 05_アーチファクト_集計 | C15: 04から自動集計。シーケンス別・TE別・距離別。入力不要。
B16: 06_発熱_記録 | C16: 案C。示温ラベルの変色を記録。最高到達温度の範囲が自動で出ます。
B17: 07_延期症例 | C17: 案E-1。延期の実態調査。依頼から実施までの日数が自動計算されます。
B18: 08_延期集計 | C18: 07から自動集計。延期率・日数の中央値・部位別内訳・未受検件数。入力不要。
B19: 09_スクリーニング検証 | C19: 案E-3。簡易磁石テストの感度・特異度。2×2表と指標が自動で出ます。
B20: 10_撮影ログ | C20: 実施記録。日時・装置・立会者。安全管理の記録としても残します。
B21: 11_安全チェックリスト | C21: 撮影のたびに確認する項目。実施前・実施後。
B23: 使う順番
B24: 1 | C24: 01_試料マスタ に供試試料を登録する（試料IDを先に決める）
B25: 2 | C25: 07_延期症例 の後ろ向き集計を進める（実験と並行して着手できる）
B26: 3 | C26: 10_撮影ログ と 11_安全チェックリスト を用意して実機作業に入る
B27: 4 | C27: 02 / 04 / 06 に測定値を入れる。集計シートは自動で更新される
B28: 5 | C28: 09 で簡易テストの性能を評価し、運用提案につなげる
B30: 注意
B31: 数式について | C31: 自動計算セルの数式は範囲を固定しています。行を挿入する場合は、データ行の末尾より内側に挿入してください。
B32: 行数の上限 | C32: 02は400行、04は800行、06は150行、07は300行、09は200行まで数式を入れてあります。足りなければ最終行を下方向にコピーしてください。
B33: 検証について | C33: この環境では Excel / LibreOffice による再計算ができなかったため、数式は Python の Excel 数式評価エンジンで評価して確認しています。初回はお手元の Excel で開いて、集計値が意図どおりか確認してください。

Sheet 01_試料マスタ
A1: 試料ID | B1: 製品記号 | C1: カテゴリ | D1: 色 | E1: ロット | F1: 施術日 | G1: 磁石配列 | H1: 塗布量 (g) | I1: 備考
A2: S-01 | B2: 製品A | C2: マグネットネイル | D2: ネイビー | E2: L2405A | F2: 46037 | G2: 縦配列 | H2: 0.042 | I2: 猫目の発色が強いタイプ

Sheet 02_偏向角_記録
A1: 測定ID | B1: 測定日 | C1: 装置 | D1: 試料ID | E1: 反復No | F1: 質量 m (g) | G1: 偏向角 θ (°) | H1: 磁気力 F (mN) | I1: 45°判定 | J1: 測定者 | K1: 備考
A2: D-0001 | B2: 46056 | C2: 3T | D2: S-01 | E2: 1 | F2: 0.085 | G2: 18.4 | H2: =IF(OR(F2="",G2=""),"",ROUND(F2*9.80665*TAN(RADIANS(G2)),3)) | I2: =IF(G2="","",IF(G2<45,"適合","要確認")) | J2: 山田 | K2: ボア入口 ∂B/∂z 最大位置
H3: =IF(OR(F3="",G3=""),"",ROUND(F3*9.80665*TAN(RADIANS(G3)),3)) | I3: =IF(G3="","",IF(G3<45,"適合","要確認"))
H4: =IF(OR(F4="",G4=""),"",ROUND(F4*9.80665*TAN(RADIANS(G4)),3)) | I4: =IF(G4="","",IF(G4<45,"適合","要確認"))
H5: =IF(OR(F5="",G5=""),"",ROUND(F5*9.80665*TAN(RADIANS(G5)),3)) | I5: =IF(G5="","",IF(G5<45,"適合","要確認"))
H6: =IF(OR(F6="",G6=""),"",ROUND(F6*9.80665*TAN(RADIANS(G6)),3)) | I6: =IF(G6="","",IF(G6<45,"適合","要確認"))
H7: =IF(OR(F7="",G7=""),"",ROUND(F7*9.80665*TAN(RADIANS(G7)),3)) | I7: =IF(G7="","",IF(G7<45,"適合","要確認"))
H8: =IF(OR(F8="",G8=""),"",ROUND(F8*9.80665*TAN(RADIANS(G8)),3)) | I8: =IF(G8="","",IF(G8<45,"適合","要確認"))
H9: =IF(OR(F9="",G9=""),"",ROUND(F9*9.80665*TAN(RADIANS(G9)),3)) | I9: =IF(G9="","",IF(G9<45,"適合","要確認"))
H10: =IF(OR(F10="",G10=""),"",ROUND(F10*9.80665*TAN(RADIANS(G10)),3)) | I10: =IF(G10="","",IF(G10<45,"適合","要確認"))
H11: =IF(OR(F11="",G11=""),"",ROUND(F11*9.80665*TAN(RADIANS(G11)),3)) | I11: =IF(G11="","",IF(G11<45,"適合","要確認"))
H12: =IF(OR(F12="",G12=""),"",ROUND(F12*9.80665*TAN(RADIANS(G12)),3)) | I12: =IF(G12="","",IF(G12<45,"適合","要確認"))
H13: =IF(OR(F13="",G13=""),"",ROUND(F13*9.80665*TAN(RADIANS(G13)),3)) | I13: =IF(G13="","",IF(G13<45,"適合","要確認"))
H14: =IF(OR(F14="",G14=""),"",ROUND(F14*9.80665*TAN(RADIANS(G14)),3)) | I14: =IF(G14="","",IF(G14<45,"適合","要確認"))
... H401: =IF(OR(F401="",G401=""),"",ROUND(F401*9.80665*TAN(RADIANS(G401)),3)) | I401: =IF(G401="","",IF(G401<45,"適合","要確認"))
A403: 磁気力 F (mN) = 質量m(g) × 9.80665 × tan(θ) ／ ASTM F2052 は θ < 45°（磁気力が重力以下）を一般に許容可能とする

Sheet 03_偏向角_集計
A1: 偏向角の集計（02_偏向角_記録 から自動計算。入力不要）
A2: SDは標本標準偏差、95%CI半幅は t分布による。判定は同一試料・同一装置で 45° 以上の測定が1件でもあれば「要確認」。
D3: 1.5T | J3: 3T
A4: 試料ID | B4: 製品記号 | C4: カテゴリ | D4: n | E4: 平均θ (°) | F4: SD | G4: 95%CI半幅 | H4: 最大θ (°) | I4: 判定 | J4: n | K4: 平均θ (°) | L4: SD | M4: 95%CI半幅 | N4: 最大θ (°) | O4: 判定
A5: =IF('01_試料マスタ'!A2="","",'01_試料マスタ'!A2) | B5: =IF('01_試料マスタ'!B2="","",'01_試料マスタ'!B2) | C5: =IF('01_試料マスタ'!C2="","",'01_試料マスタ'!C2) | D5: =IF($A5="","",COUNTIFS('02_偏向角_記録'!$D$2:$D$401,$A5,'02_偏向角_記録'!$C$2:$C$401,"1.5T",'02_偏向角_記録'!$G$2:$G$401,">=0")) | E5: =IFERROR(IF(OR($A5="",D5="",D5=0),"",ROUND(AVERAGEIFS('02_偏向角_記録'!$G$2:$G$401,'02_偏向角_記録'!$D$2:$D$401,$A5,'02_偏向角_記録'!$C$2:$C$401,"1.5T"),2)),"") | F5: =IFERROR(IF(OR($A5="",D5="",D5<2),"",ROUND(SQRT(SUMPRODUCT(('02_偏向角_記録'!$D$2:$D$401=$A5)*('02_偏向角_記録'!$C$2:$C$401="1.5T")*('02_偏向角_記録'!$G$2:$G$401<>"")*('02_偏向角_記録'!$G$2:$G$401-E5)^2)/(D5-1)),2)),"") | G5: =IFERROR(IF(OR($A5="",D5="",D5<2),"",ROUND(TINV(0.05,D5-1)*F5/SQRT(D5),2)),"") | H5: =IFERROR(IF(OR($A5="",D5="",D5=0),"",ROUND(SUMPRODUCT(MAX(('02_偏向角_記録'!$D$2:$D$401=$A5)*('02_偏向角_記録'!$C$2:$C$401="1.5T")*'02_偏向角_記録'!$G$2:$G$401)),2)),"") | I5: =IFERROR(IF(OR($A5="",D5="",D5=0),"",IF(COUNTIFS('02_偏向角_記録'!$D$2:$D$401,$A5,'02_偏向角_記録'!$C$2:$C$401,"1.5T",'02_偏向角_記録'!$G$2:$G$401,">=45")>0,"要確認","適合")),"") | J5: =IF($A5="","",COUNTIFS('02_偏向角_記録'!$D$2:$D$401,$A5,'02_偏向角_記録'!$C$2:$C$401,"3T",'02_偏向角_記録'!$G$2:$G$401,">=0")) | K5: =IFERROR(IF(OR($A5="",J5="",J5=0),"",ROUND(AVERAGEIFS('02_偏向角_記録'!$G$2:$G$401,'02_偏向角_記録'!$D$2:$D$401,$A5,'02_偏向角_記録'!$C$2:$C$401,"3T"),2)),"") | L5: =IFERROR(IF(OR($A5="",J5="",J5<2),"",ROUND(SQRT(SUMPRODUCT(('02_偏向角_記録'!$D$2:$D$401=$A5)*('02_偏向角_記録'!$C$2:$C$401="3T")*('02_偏向角_記録'!$G$2:$G$401<>"")*('02_偏向角_記録'!$G$2:$G$401-K5)^2)/(J5-1)),2)),"") | M5: =IFERROR(IF(OR($A5="",J5="",J5<2),"",ROUND(TINV(0.05,J5-1)*L5/SQRT(J5),2)),"") | N5: =IFERROR(IF(OR($A5="",J5="",J5=0),"",ROUND(SUMPRODUCT(MAX(('02_偏向角_記録'!$D$2:$D$401=$A5)*('02_偏向角_記録'!$C$2:$C$401="3T")*'02_偏向角_記録'!$G$2:$G$401)),2)),"") | O5: =IFERROR(IF(OR($A5="",J5="",J5=0),"",IF(COUNTIFS('02_偏向角_記録'!$D$2:$D$401,$A5,'02_偏向角_記録'!$C$2:$C$401,"3T",'02_偏向角_記録'!$G$2:$G$401,">=45")>0,"要確認","適合")),"")
A6: =IF('01_試料マスタ'!A3="","",'01_試料マスタ'!A3) | B6: =IF('01_試料マスタ'!B3="","",'01_試料マスタ'!B3) | C6: =IF('01_試料マスタ'!C3="","",'01_試料マスタ'!C3) | D6: =IF($A6="","",COUNTIFS('02_偏向角_記録'!$D$2:$D$401,$A6,'02_偏向角_記録'!$C$2:$C$401,"1.5T",'02_偏向角_記録'!$G$2:$G$401,">=0")) | E6: =IFERROR(IF(OR($A6="",D6="",D6=0),"",ROUND(AVERAGEIFS('02_偏向角_記録'!$G$2:$G$401,'02_偏向角_記録'!$D$2:$D$401,$A6,'02_偏向角_記録'!$C$2:$C$401,"1.5T"),2)),"") | F6: =IFERROR(IF(OR($A6="",D6="",D6<2),"",ROUND(SQRT(SUMPRODUCT(('02_偏向角_記録'!$D$2:$D$401=$A6)*('02_偏向角_記録'!$C$2:$C$401="1.5T")*('02_偏向角_記録'!$G$2:$G$401<>"")*('02_偏向角_記録'!$G$2:$G$401-E6)^2)/(D6-1)),2)),"") | G6: =IFERROR(IF(OR($A6="",D6="",D6<2),"",ROUND(TINV(0.05,D6-1)*F6/SQRT(D6),2)),"") | H6: =IFERROR(IF(OR($A6="",D6="",D6=0),"",ROUND(SUMPRODUCT(MAX(('02_偏向角_記録'!$D$2:$D$401=$A6)*('02_偏向角_記録'!$C$2:$C$401="1.5T")*'02_偏向角_記録'!$G$2:$G$401)),2)),"") | I6: =IFERROR(IF(OR($A6="",D6="",D6=0),"",IF(COUNTIFS('02_偏向角_記録'!$D$2:$D$401,$A6,'02_偏向角_記録'!$C$2:$C$401,"1.5T",'02_偏向角_記録'!$G$2:$G$401,">=45")>0,"要確認","適合")),"") | J6: =IF($A6="","",COUNTIFS('02_偏向角_記録'!$D$2:$D$401,$A6,'02_偏向角_記録'!$C$2:$C$401,"3T",'02_偏向角_記録'!$G$2:$G$401,">=0")) | K6: =IFERROR(IF(OR($A6="",J6="",J6=0),"",ROUND(AVERAGEIFS('02_偏向角_記録'!$G$2:$G$401,'02_偏向角_記録'!$D$2:$D$401,$A6,'02_偏向角_記録'!$C$2:$C$401,"3T"),2)),"") | L6: =IFERROR(IF(OR($A6="",J6="",J6<2),"",ROUND(SQRT(SUMPRODUCT(('02_偏向角_記録'!$D$2:$D$401=$A6)*('02_偏向角_記録'!$C$2:$C$401="3T")*('02_偏向角_記録'!$G$2:$G$401<>"")*('02_偏向角_記録'!$G$2:$G$401-K6)^2)/(J6-1)),2)),"") | M6: =IFERROR(IF(OR($A6="",J6="",J6<2),"",ROUND(TINV(0.05,J6-1)*L6/SQRT(J6),2)),"") | N6: =IFERROR(IF(OR($A6="",J6="",J6=0),"",ROUND(SUMPRODUCT(MAX(('02_偏向角_記録'!$D$2:$D$401=$A6)*('02_偏向角_記録'!$C$2:$C$401="3T")*'02_偏向角_記録'!$G$2:$G$401)),2)),"") | O6: =IFERROR(IF(OR($A6="",J6="",J6=0),"",IF(COUNTIFS('02_偏向角_記録'!$D$2:$D$401,$A6,'02_偏向角_記録'!$C$2:$C$401,"3T",'02_偏向角_記録'!$G$2:$G$401,">=45")>0,"要確認","適合")),"")
A7: =IF('01_試料マスタ'!A4="","",'01_試料マスタ'!A4) | B7: =IF('01_試料マスタ'!B4="","",'01_試料マスタ'!B4) | C7: =IF('01_試料マスタ'!C4="","",'01_試料マスタ'!C4) | D7: =IF($A7="","",COUNTIFS('02_偏向角_記録'!$D$2:$D$401,$A7,'02_偏向角_記録'!$C$2:$C$401,"1.5T",'02_偏向角_記録'!$G$2:$G$401,">=0")) | E7: =IFERROR(IF(OR($A7="",D7="",D7=0),"",ROUND(AVERAGEIFS('02_偏向角_記録'!$G$2:$G$401,'02_偏向角_記録'!$D$2:$D$401,$A7,'02_偏向角_記録'!$C$2:$C$401,"1.5T"),2)),"") | F7: =IFERROR(IF(OR($A7="",D7="",D7<2),"",ROUND(SQRT(SUMPRODUCT(('02_偏向角_記録'!$D$2:$D$401=$A7)*('02_偏向角_記録'!$C$2:$C$401="1.5T")*('02_偏向角_記録'!$G$2:$G$401<>"")*('02_偏向角_記録'!$G$2:$G$401-E7)^2)/(D7-1)),2)),"") | G7: =IFERROR(IF(OR($A7="",D7="",D7<2),"",ROUND(TINV(0.05,D7-1)*F7/SQRT(D7),2)),"") | H7: =IFERROR(IF(OR($A7="",D7="",D7=0),"",ROUND(SUMPRODUCT(MAX(('02_偏向角_記録'!$D$2:$D$401=$A7)*('02_偏向角_記録'!$C$2:$C$401="1.5T")*'02_偏向角_記録'!$G$2:$G$401)),2)),"") | I7: =IFERROR(IF(OR($A7="",D7="",D7=0),"",IF(COUNTIFS('02_偏向角_記録'!$D$2:$D$401,$A7,'02_偏向角_記録'!$C$2:$C$401,"1.5T",'02_偏向角_記録'!$G$2:$G$401,">=45")>0,"要確認","適合")),"") | J7: =IF($A7="","",COUNTIFS('02_偏向角_記録'!$D$2:$D$401,$A7,'02_偏向角_記録'!$C$2:$C$401,"3T",'02_偏向角_記録'!$G$2:$G$401,">=0")) | K7: =IFERROR(IF(OR($A7="",J7="",J7=0),"",ROUND(AVERAGEIFS('02_偏向角_記録'!$G$2:$G$401,'02_偏向角_記録'!$D$2:$D$401,$A7,'02_偏向角_記録'!$C$2:$C$401,"3T"),2)),"") | L7: =IFERROR(IF(OR($A7="",J7="",J7<2),"",ROUND(SQRT(SUMPRODUCT(('02_偏向角_記録'!$D$2:$D$401=$A7)*('02_偏向角_記録'!$C$2:$C$401="3T")*('02_偏向角_記録'!$G$2:$G$401<>"")*('02_偏向角_記録'!$G$2:$G$401-K7)^2)/(J7-1)),2)),"") | M7: =IFERROR(IF(OR($A7="",J7="",J7<2),"",ROUND(TINV(0.05,J7-1)*L7/SQRT(J7),2)),"") | N7: =IFERROR(IF(OR($A7="",J7="",J7=0),"",ROUND(SUMPRODUCT(MAX(('02_偏向角_記録'!$D$2:$D$401=$A7)*('02_偏向角_記録'!$C$2:$C$401="3T")*'02_偏向角_記録'!$G$2:$G$401)),2)),"") | O7: =IFERROR(IF(OR($A7="",J7="",J7=0),"",IF(COUNTIFS('02_偏向角_記録'!$D$2:$D$401,$A7,'02_偏向角_記録'!$C$2:$C$401,"3T",'02_偏向角_記録'!$G$2:$G$401,">=45")>0,"要確認","適合")),"")
A8: =IF('01_試料マスタ'!A5="","",'01_試料マスタ'!A5) | B8: =IF('01_試料マスタ'!B5="","",'01_試料マスタ'!B5) | C8: =IF('01_試料マスタ'!C5="","",'01_試料マスタ'!C5) | D8: =IF($A8="","",COUNTIFS('02_偏向角_記録'!$D$2:$D$401,$A8,'02_偏向角_記録'!$C$2:$C$401,"1.5T",'02_偏向角_記録'!$G$2:$G$401,">=0")) | E8: =IFERROR(IF(OR($A8="",D8="",D8=0),"",ROUND(AVERAGEIFS('02_偏向角_記録'!$G$2:$G$401,'02_偏向角_記録'!$D$2:$D$401,$A8,'02_偏向角_記録'!$C$2:$C$401,"1.5T"),2)),"") | F8: =IFERROR(IF(OR($A8="",D8="",D8<2),"",ROUND(SQRT(SUMPRODUCT(('02_偏向角_記録'!$D$2:$D$401=$A8)*('02_偏向角_記録'!$C$2:$C$401="1.5T")*('02_偏向角_記録'!$G$2:$G$401<>"")*('02_偏向角_記録'!$G$2:$G$401-E8)^2)/(D8-1)),2)),"") | G8: =IFERROR(IF(OR($A8="",D8="",D8<2),"",ROUND(TINV(0.05,D8-1)*F8/SQRT(D8),2)),"") | H8: =IFERROR(IF(OR($A8="",D8="",D8=0),"",ROUND(SUMPRODUCT(MAX(('02_偏向角_記録'!$D$2:$D$401=$A8)*('02_偏向角_記録'!$C$2:$C$401="1.5T")*'02_偏向角_記録'!$G$2:$G$401)),2)),"") | I8: =IFERROR(IF(OR($A8="",D8="",D8=0),"",IF(COUNTIFS('02_偏向角_記録'!$D$2:$D$401,$A8,'02_偏向角_記録'!$C$2:$C$401,"1.5T",'02_偏向角_記録'!$G$2:$G$401,">=45")>0,"要確認","適合")),"") | J8: =IF($A8="","",COUNTIFS('02_偏向角_記録'!$D$2:$D$401,$A8,'02_偏向角_記録'!$C$2:$C$401,"3T",'02_偏向角_記録'!$G$2:$G$401,">=0")) | K8: =IFERROR(IF(OR($A8="",J8="",J8=0),"",ROUND(AVERAGEIFS('02_偏向角_記録'!$G$2:$G$401,'02_偏向角_記録'!$D$2:$D$401,$A8,'02_偏向角_記録'!$C$2:$C$401,"3T"),2)),"") | L8: =IFERROR(IF(OR($A8="",J8="",J8<2),"",ROUND(SQRT(SUMPRODUCT(('02_偏向角_記録'!$D$2:$D$401=$A8)*('02_偏向角_記録'!$C$2:$C$401="3T")*('02_偏向角_記録'!$G$2:$G$401<>"")*('02_偏向角_記録'!$G$2:$G$401-K8)^2)/(J8-1)),2)),"") | M8: =IFERROR(IF(OR($A8="",J8="",J8<2),"",ROUND(TINV(0.05,J8-1)*L8/SQRT(J8),2)),"") | N8: =IFERROR(IF(OR($A8="",J8="",J8=0),"",ROUND(SUMPRODUCT(MAX(('02_偏向角_記録'!$D$2:$D$401=$A8)*('02_偏向角_記録'!$C$2:$C$401="3T")*'02_偏向角_記録'!$G$2:$G$401)),2)),"") | O8: =IFERROR(IF(OR($A8="",J8="",J8=0),"",IF(COUNTIFS('02_偏向角_記録'!$D$2:$D$401,$A8,'02_偏向角_記録'!$C$2:$C$401,"3T",'02_偏向角_記録'!$G$2:$G$401,">=45")>0,"要確認","適合")),"")
A9: =IF('01_試料マスタ'!A6="","",'01_試料マスタ'!A6) | B9: =IF('01_試料マスタ'!B6="","",'01_試料マスタ'!B6) | C9: =IF('01_試料マスタ'!C6="","",'01_試料マスタ'!C6) | D9: =IF($A9="","",COUNTIFS('02_偏向角_記録'!$D$2:$D$401,$A9,'02_偏向角_記録'!$C$2:$C$401,"1.5T",'02_偏向角_記録'!$G$2:$G$401,">=0")) | E9: =IFERROR(IF(OR($A9="",D9="",D9=0),"",ROUND(AVERAGEIFS('02_偏向角_記録'!$G$2:$G$401,'02_偏向角_記録'!$D$2:$D$401,$A9,'02_偏向角_記録'!$C$2:$C$401,"1.5T"),2)),"") | F9: =IFERROR(IF(OR($A9="",D9="",D9<2),"",ROUND(SQRT(SUMPRODUCT(('02_偏向角_記録'!$D$2:$D$401=$A9)*('02_偏向角_記録'!$C$2:$C$401="1.5T")*('02_偏向角_記録'!$G$2:$G$401<>"")*('02_偏向角_記録'!$G$2:$G$401-E9)^2)/(D9-1)),2)),"") | G9: =IFERROR(IF(OR($A9="",D9="",D9<2),"",ROUND(TINV(0.05,D9-1)*F9/SQRT(D9),2)),"") | H9: =IFERROR(IF(OR($A9="",D9="",D9=0),"",ROUND(SUMPRODUCT(MAX(('02_偏向角_記録'!$D$2:$D$401=$A9)*('02_偏向角_記録'!$C$2:$C$401="1.5T")*'02_偏向角_記録'!$G$2:$G$401)),2)),"") | I9: =IFERROR(IF(OR($A9="",D9="",D9=0),"",IF(COUNTIFS('02_偏向角_記録'!$D$2:$D$401,$A9,'02_偏向角_記録'!$C$2:$C$401,"1.5T",'02_偏向角_記録'!$G$2:$G$401,">=45")>0,"要確認","適合")),"") | J9: =IF($A9="","",COUNTIFS('02_偏向角_記録'!$D$2:$D$401,$A9,'02_偏向角_記録'!$C$2:$C$401,"3T",'02_偏向角_記録'!$G$2:$G$401,">=0")) | K9: =IFERROR(IF(OR($A9="",J9="",J9=0),"",ROUND(AVERAGEIFS('02_偏向角_記録'!$G$2:$G$401,'02_偏向角_記録'!$D$2:$D$401,$A9,'02_偏向角_記録'!$C$2:$C$401,"3T"),2)),"") | L9: =IFERROR(IF(OR($A9="",J9="",J9<2),"",ROUND(SQRT(SUMPRODUCT(('02_偏向角_記録'!$D$2:$D$401=$A9)*('02_偏向角_記録'!$C$2:$C$401="3T")*('02_偏向角_記録'!$G$2:$G$401<>"")*('02_偏向角_記録'!$G$2:$G$401-K9)^2)/(J9-1)),2)),"") | M9: =IFERROR(IF(OR($A9="",J9="",J9<2),"",ROUND(TINV(0.05,J9-1)*L9/SQRT(J9),2)),"") | N9: =IFERROR(IF(OR($A9="",J9="",J9=0),"",ROUND(SUMPRODUCT(MAX(('02_偏向角_記録'!$D$2:$D$401=$A9)*('02_偏向角_記録'!$C$2:$C$401="3T")*'02_偏向角_記録'!$G$2:$G$401)),2)),"") | O9: =IFERROR(IF(OR($A9="",J9="",J9=0),"",IF(COUNTIFS('02_偏向角_記録'!$D$2:$D$401,$A9,'02_偏向角_記録'!$C$2:$C$401,"3T",'02_偏向角_記録'!$G$2:$G$401,">=45")>0,"要確認","適合")),"")
A10: =IF('01_試料マスタ'!A7="","",'01_試料マスタ'!A7) | B10: =IF('01_試料マスタ'!B7="","",'01_試料マスタ'!B7) | C10: =IF('01_試料マスタ'!C7="","",'01_試料マスタ'!C7) | D10: =IF($A10="","",COUNTIFS('02_偏向角_記録'!$D$2:$D$401,$A10,'02_偏向角_記録'!$C$2:$C$401,"1.5T",'02_偏向角_記録'!$G$2:$G$401,">=0")) | E10: =IFERROR(IF(OR($A10="",D10="",D10=0),"",ROUND(AVERAGEIFS('02_偏向角_記録'!$G$2:$G$401,'02_偏向角_記録'!$D$2:$D$401,$A10,'02_偏向角_記録'!$C$2:$C$401,"1.5T"),2)),"") | F10: =IFERROR(IF(OR($A10="",D10="",D10<2),"",ROUND(SQRT(SUMPRODUCT(('02_偏向角_記録'!$D$2:$D$401=$A10)*('02_偏向角_記録'!$C$2:$C$401="1.5T")*('02_偏向角_記録'!$G$2:$G$401<>"")*('02_偏向角_記録'!$G$2:$G$401-E10)^2)/(D10-1)),2)),"") | G10: =IFERROR(IF(OR($A10="",D10="",D10<2),"",ROUND(TINV(0.05,D10-1)*F10/SQRT(D10),2)),"") | H10: =IFERROR(IF(OR($A10="",D10="",D10=0),"",ROUND(SUMPRODUCT(MAX(('02_偏向角_記録'!$D$2:$D$401=$A10)*('02_偏向角_記録'!$C$2:$C$401="1.5T")*'02_偏向角_記録'!$G$2:$G$401)),2)),"") | I10: =IFERROR(IF(OR($A10="",D10="",D10=0),"",IF(COUNTIFS('02_偏向角_記録'!$D$2:$D$401,$A10,'02_偏向角_記録'!$C$2:$C$401,"1.5T",'02_偏向角_記録'!$G$2:$G$401,">=45")>0,"要確認","適合")),"") | J10: =IF($A10="","",COUNTIFS('02_偏向角_記録'!$D$2:$D$401,$A10,'02_偏向角_記録'!$C$2:$C$401,"3T",'02_偏向角_記録'!$G$2:$G$401,">=0")) | K10: =IFERROR(IF(OR($A10="",J10="",J10=0),"",ROUND(AVERAGEIFS('02_偏向角_記録'!$G$2:$G$401,'02_偏向角_記録'!$D$2:$D$401,$A10,'02_偏向角_記録'!$C$2:$C$401,"3T"),2)),"") | L10: =IFERROR(IF(OR($A10="",J10="",J10<2),"",ROUND(SQRT(SUMPRODUCT(('02_偏向角_記録'!$D$2:$D$401=$A10)*('02_偏向角_記録'!$C$2:$C$401="3T")*('02_偏向角_記録'!$G$2:$G$401<>"")*('02_偏向角_記録'!$G$2:$G$401-K10)^2)/(J10-1)),2)),"") | M10: =IFERROR(IF(OR($A10="",J10="",J10<2),"",ROUND(TINV(0.05,J10-1)*L10/SQRT(J10),2)),"") | N10: =IFERROR(IF(OR($A10="",J10="",J10=0),"",ROUND(SUMPRODUCT(MAX(('02_偏向角_記録'!$D$2:$D$401=$A10)*('02_偏向角_記録'!$C$2:$C$401="3T")*'02_偏向角_記録'!$G$2:$G$401)),2)),"") | O10: =IFERROR(IF(OR($A10="",J10="",J10=0),"",IF(COUNTIFS('02_偏向角_記録'!$D$2:$D$401,$A10,'02_偏向角_記録'!$C$2:$C$401,"3T",'02_偏向角_記録'!$G$2:$G$401,">=45")>0,"要確認","適合")),"")
A11: =IF('01_試料マスタ'!A8="","",'01_試料マスタ'!A8) | B11: =IF('01_試料マスタ'!B8="","",'01_試料マスタ'!B8) | C11: =IF('01_試料マスタ'!C8="","",'01_試料マスタ'!C8) | D11: =IF($A11="","",COUNTIFS('02_偏向角_記録'!$D$2:$D$401,$A11,'02_偏向角_記録'!$C$2:$C$401,"1.5T",'02_偏向角_記録'!$G$2:$G$401,">=0")) | E11: =IFERROR(IF(OR($A11="",D11="",D11=0),"",ROUND(AVERAGEIFS('02_偏向角_記録'!$G$2:$G$401,'02_偏向角_記録'!$D$2:$D$401,$A11,'02_偏向角_記録'!$C$2:$C$401,"1.5T"),2)),"") | F11: =IFERROR(IF(OR($A11="",D11="",D11<2),"",ROUND(SQRT(SUMPRODUCT(('02_偏向角_記録'!$D$2:$D$401=$A11)*('02_偏向角_記録'!$C$2:$C$401="1.5T")*('02_偏向角_記録'!$G$2:$G$401<>"")*('02_偏向角_記録'!$G$2:$G$401-E11)^2)/(D11-1)),2)),"") | G11: =IFERROR(IF(OR($A11="",D11="",D11<2),"",ROUND(TINV(0.05,D11-1)*F11/SQRT(D11),2)),"") | H11: =IFERROR(IF(OR($A11="",D11="",D11=0),"",ROUND(SUMPRODUCT(MAX(('02_偏向角_記録'!$D$2:$D$401=$A11)*('02_偏向角_記録'!$C$2:$C$401="1.5T")*'02_偏向角_記録'!$G$2:$G$401)),2)),"") | I11: =IFERROR(IF(OR($A11="",D11="",D11=0),"",IF(COUNTIFS('02_偏向角_記録'!$D$2:$D$401,$A11,'02_偏向角_記録'!$C$2:$C$401,"1.5T",'02_偏向角_記録'!$G$2:$G$401,">=45")>0,"要確認","適合")),"") | J11: =IF($A11="","",COUNTIFS('02_偏向角_記録'!$D$2:$D$401,$A11,'02_偏向角_記録'!$C$2:$C$401,"3T",'02_偏向角_記録'!$G$2:$G$401,">=0")) | K11: =IFERROR(IF(OR($A11="",J11="",J11=0),"",ROUND(AVERAGEIFS('02_偏向角_記録'!$G$2:$G$401,'02_偏向角_記録'!$D$2:$D$401,$A11,'02_偏向角_記録'!$C$2:$C$401,"3T"),2)),"") | L11: =IFERROR(IF(OR($A11="",J11="",J11<2),"",ROUND(SQRT(SUMPRODUCT(('02_偏向角_記録'!$D$2:$D$401=$A11)*('02_偏向角_記録'!$C$2:$C$401="3T")*('02_偏向角_記録'!$G$2:$G$401<>"")*('02_偏向角_記録'!$G$2:$G$401-K11)^2)/(J11-1)),2)),"") | M11: =IFERROR(IF(OR($A11="",J11="",J11<2),"",ROUND(TINV(0.05,J11-1)*L11/SQRT(J11),2)),"") | N11: =IFERROR(IF(OR($A11="",J11="",J11=0),"",ROUND(SUMPRODUCT(MAX(('02_偏向角_記録'!$D$2:$D$401=$A11)*('02_偏向角_記録'!$C$2:$C$401="3T")*'02_偏向角_記録'!$G$2:$G$401)),2)),"") | O11: =IFERROR(IF(OR($A11="",J11="",J11=0),"",IF(COUNTIFS('02_偏向角_記録'!$D$2:$D$401,$A11,'02_偏向角_記録'!$C$2:$C$401,"3T",'02_偏向角_記録'!$G$2:$G$401,">=45")>0,"要確認","適合")),"")
A12: =IF('01_試料マスタ'!A9="","",'01_試料マスタ'!A9) | B12: =IF('01_試料マスタ'!B9="","",'01_試料マスタ'!B9) | C12: =IF('01_試料マスタ'!C9="","",'01_試料マスタ'!C9) | D12: =IF($A12="","",COUNTIFS('02_偏向角_記録'!$D$2:$D$401,$A12,'02_偏向角_記録'!$C$2:$C$401,"1.5T",'02_偏向角_記録'!$G$2:$G$401,">=0")) | E12: =IFERROR(IF(OR($A12="",D12="",D12=0),"",ROUND(AVERAGEIFS('02_偏向角_記録'!$G$2:$G$401,'02_偏向角_記録'!$D$2:$D$401,$A12,'02_偏向角_記録'!$C$2:$C$401,"1.5T"),2)),"") | F12: =IFERROR(IF(OR($A12="",D12="",D12<2),"",ROUND(SQRT(SUMPRODUCT(('02_偏向角_記録'!$D$2:$D$401=$A12)*('02_偏向角_記録'!$C$2:$C$401="1.5T")*('02_偏向角_記録'!$G$2:$G$401<>"")*('02_偏向角_記録'!$G$2:$G$401-E12)^2)/(D12-1)),2)),"") | G12: =IFERROR(IF(OR($A12="",D12="",D12<2),"",ROUND(TINV(0.05,D12-1)*F12/SQRT(D12),2)),"") | H12: =IFERROR(IF(OR($A12="",D12="",D12=0),"",ROUND(SUMPRODUCT(MAX(('02_偏向角_記録'!$D$2:$D$401=$A12)*('02_偏向角_記録'!$C$2:$C$401="1.5T")*'02_偏向角_記録'!$G$2:$G$401)),2)),"") | I12: =IFERROR(IF(OR($A12="",D12="",D12=0),"",IF(COUNTIFS('02_偏向角_記録'!$D$2:$D$401,$A12,'02_偏向角_記録'!$C$2:$C$401,"1.5T",'02_偏向角_記録'!$G$2:$G$401,">=45")>0,"要確認","適合")),"") | J12: =IF($A12="","",COUNTIFS('02_偏向角_記録'!$D$2:$D$401,$A12,'02_偏向角_記録'!$C$2:$C$401,"3T",'02_偏向角_記録'!$G$2:$G$401,">=0")) | K12: =IFERROR(IF(OR($A12="",J12="",J12=0),"",ROUND(AVERAGEIFS('02_偏向角_記録'!$G$2:$G$401,'02_偏向角_記録'!$D$2:$D$401,$A12,'02_偏向角_記録'!$C$2:$C$401,"3T"),2)),"") | L12: =IFERROR(IF(OR($A12="",J12="",J12<2),"",ROUND(SQRT(SUMPRODUCT(('02_偏向角_記録'!$D$2:$D$401=$A12)*('02_偏向角_記録'!$C$2:$C$401="3T")*('02_偏向角_記録'!$G$2:$G$401<>"")*('02_偏向角_記録'!$G$2:$G$401-K12)^2)/(J12-1)),2)),"") | M12: =IFERROR(IF(OR($A12="",J12="",J12<2),"",ROUND(TINV(0.05,J12-1)*L12/SQRT(J12),2)),"") | N12: =IFERROR(IF(OR($A12="",J12="",J12=0),"",ROUND(SUMPRODUCT(MAX(('02_偏向角_記録'!$D$2:$D$401=$A12)*('02_偏向角_記録'!$C$2:$C$401="3T")*'02_偏向角_記録'!$G$2:$G$401)),2)),"") | O12: =IFERROR(IF(OR($A12="",J12="",J12=0),"",IF(COUNTIFS('02_偏向角_記録'!$D$2:$D$401,$A12,'02_偏向角_記録'!$C$2:$C$401,"3T",'02_偏向角_記録'!$G$2:$G$401,">=45")>0,"要確認","適合")),"")
A13: =IF('01_試料マスタ'!A10="","",'01_試料マスタ'!A10) | B13: =IF('01_試料マスタ'!B10="","",'01_試料マスタ'!B10) | C13: =IF('01_試料マスタ'!C10="","",'01_試料マスタ'!C10) | D13: =IF($A13="","",COUNTIFS('02_偏向角_記録'!$D$2:$D$401,$A13,'02_偏向角_記録'!$C$2:$C$401,"1.5T",'02_偏向角_記録'!$G$2:$G$401,">=0")) | E13: =IFERROR(IF(OR($A13="",D13="",D13=0),"",ROUND(AVERAGEIFS('02_偏向角_記録'!$G$2:$G$401,'02_偏向角_記録'!$D$2:$D$401,$A13,'02_偏向角_記録'!$C$2:$C$401,"1.5T"),2)),"") | F13: =IFERROR(IF(OR($A13="",D13="",D13<2),"",ROUND(SQRT(SUMPRODUCT(('02_偏向角_記録'!$D$2:$D$401=$A13)*('02_偏向角_記録'!$C$2:$C$401="1.5T")*('02_偏向角_記録'!$G$2:$G$401<>"")*('02_偏向角_記録'!$G$2:$G$401-E13)^2)/(D13-1)),2)),"") | G13: =IFERROR(IF(OR($A13="",D13="",D13<2),"",ROUND(TINV(0.05,D13-1)*F13/SQRT(D13),2)),"") | H13: =IFERROR(IF(OR($A13="",D13="",D13=0),"",ROUND(SUMPRODUCT(MAX(('02_偏向角_記録'!$D$2:$D$401=$A13)*('02_偏向角_記録'!$C$2:$C$401="1.5T")*'02_偏向角_記録'!$G$2:$G$401)),2)),"") | I13: =IFERROR(IF(OR($A13="",D13="",D13=0),"",IF(COUNTIFS('02_偏向角_記録'!$D$2:$D$401,$A13,'02_偏向角_記録'!$C$2:$C$401,"1.5T",'02_偏向角_記録'!$G$2:$G$401,">=45")>0,"要確認","適合")),"") | J13: =IF($A13="","",COUNTIFS('02_偏向角_記録'!$D$2:$D$401,$A13,'02_偏向角_記録'!$C$2:$C$401,"3T",'02_偏向角_記録'!$G$2:$G$401,">=0")) | K13: =IFERROR(IF(OR($A13="",J13="",J13=0),"",ROUND(AVERAGEIFS('02_偏向角_記録'!$G$2:$G$401,'02_偏向角_記録'!$D$2:$D$401,$A13,'02_偏向角_記録'!$C$2:$C$401,"3T"),2)),"") | L13: =IFERROR(IF(OR($A13="",J13="",J13<2),"",ROUND(SQRT(SUMPRODUCT(('02_偏向角_記録'!$D$2:$D$401=$A13)*('02_偏向角_記録'!$C$2:$C$401="3T")*('02_偏向角_記録'!$G$2:$G$401<>"")*('02_偏向角_記録'!$G$2:$G$401-K13)^2)/(J13-1)),2)),"") | M13: =IFERROR(IF(OR($A13="",J13="",J13<2),"",ROUND(TINV(0.05,J13-1)*L13/SQRT(J13),2)),"") | N13: =IFERROR(IF(OR($A13="",J13="",J13=0),"",ROUND(SUMPRODUCT(MAX(('02_偏向角_記録'!$D$2:$D$401=$A13)*('02_偏向角_記録'!$C$2:$C$401="3T")*'02_偏向角_記録'!$G$2:$G$401)),2)),"") | O13: =IFERROR(IF(OR($A13="",J13="",J13=0),"",IF(COUNTIFS('02_偏向角_記録'!$D$2:$D$401,$A13,'02_偏向角_記録'!$C$2:$C$401,"3T",'02_偏向角_記録'!$G$2:$G$401,">=45")>0,"要確認","適合")),"")
A14: =IF('01_試料マスタ'!A11="","",'01_試料マスタ'!A11) | B14: =IF('01_試料マスタ'!B11="","",'01_試料マスタ'!B11) | C14: =IF('01_試料マスタ'!C11="","",'01_試料マスタ'!C11) | D14: =IF($A14="","",COUNTIFS('02_偏向角_記録'!$D$2:$D$401,$A14,'02_偏向角_記録'!$C$2:$C$401,"1.5T",'02_偏向角_記録'!$G$2:$G$401,">=0")) | E14: =IFERROR(IF(OR($A14="",D14="",D14=0),"",ROUND(AVERAGEIFS('02_偏向角_記録'!$G$2:$G$401,'02_偏向角_記録'!$D$2:$D$401,$A14,'02_偏向角_記録'!$C$2:$C$401,"1.5T"),2)),"") | F14: =IFERROR(IF(OR($A14="",D14="",D14<2),"",ROUND(SQRT(SUMPRODUCT(('02_偏向角_記録'!$D$2:$D$401=$A14)*('02_偏向角_記録'!$C$2:$C$401="1.5T")*('02_偏向角_記録'!$G$2:$G$401<>"")*('02_偏向角_記録'!$G$2:$G$401-E14)^2)/(D14-1)),2)),"") | G14: =IFERROR(IF(OR($A14="",D14="",D14<2),"",ROUND(TINV(0.05,D14-1)*F14/SQRT(D14),2)),"") | H14: =IFERROR(IF(OR($A14="",D14="",D14=0),"",ROUND(SUMPRODUCT(MAX(('02_偏向角_記録'!$D$2:$D$401=$A14)*('02_偏向角_記録'!$C$2:$C$401="1.5T")*'02_偏向角_記録'!$G$2:$G$401)),2)),"") | I14: =IFERROR(IF(OR($A14="",D14="",D14=0),"",IF(COUNTIFS('02_偏向角_記録'!$D$2:$D$401,$A14,'02_偏向角_記録'!$C$2:$C$401,"1.5T",'02_偏向角_記録'!$G$2:$G$401,">=45")>0,"要確認","適合")),"") | J14: =IF($A14="","",COUNTIFS('02_偏向角_記録'!$D$2:$D$401,$A14,'02_偏向角_記録'!$C$2:$C$401,"3T",'02_偏向角_記録'!$G$2:$G$401,">=0")) | K14: =IFERROR(IF(OR($A14="",J14="",J14=0),"",ROUND(AVERAGEIFS('02_偏向角_記録'!$G$2:$G$401,'02_偏向角_記録'!$D$2:$D$401,$A14,'02_偏向角_記録'!$C$2:$C$401,"3T"),2)),"") | L14: =IFERROR(IF(OR($A14="",J14="",J14<2),"",ROUND(SQRT(SUMPRODUCT(('02_偏向角_記録'!$D$2:$D$401=$A14)*('02_偏向角_記録'!$C$2:$C$401="3T")*('02_偏向角_記録'!$G$2:$G$401<>"")*('02_偏向角_記録'!$G$2:$G$401-K14)^2)/(J14-1)),2)),"") | M14: =IFERROR(IF(OR($A14="",J14="",J14<2),"",ROUND(TINV(0.05,J14-1)*L14/SQRT(J14),2)),"") | N14: =IFERROR(IF(OR($A14="",J14="",J14=0),"",ROUND(SUMPRODUCT(MAX(('02_偏向角_記録'!$D$2:$D$401=$A14)*('02_偏向角_記録'!$C$2:$C$401="3T")*'02_偏向角_記録'!$G$2:$G$401)),2)),"") | O14: =IFERROR(IF(OR($A14="",J14="",J14=0),"",IF(COUNTIFS('02_偏向角_記録'!$D$2:$D$401,$A14,'02_偏向角_記録'!$C$2:$C$401,"3T",'02_偏向角_記録'!$G$2:$G$401,">=45")>0,"要確認","適合")),"")
A15: =IF('01_試料マスタ'!A12="","",'01_試料マスタ'!A12) | B15: =IF('01_試料マスタ'!B12="","",'01_試料マスタ'!B12) | C15: =IF('01_試料マスタ'!C12="","",'01_試料マスタ'!C12) | D15: =IF($A15="","",COUNTIFS('02_偏向角_記録'!$D$2:$D$401,$A15,'02_偏向角_記録'!$C$2:$C$401,"1.5T",'02_偏向角_記録'!$G$2:$G$401,">=0")) | E15: =IFERROR(IF(OR($A15="",D15="",D15=0),"",ROUND(AVERAGEIFS('02_偏向角_記録'!$G$2:$G$401,'02_偏向角_記録'!$D$2:$D$401,$A15,'02_偏向角_記録'!$C$2:$C$401,"1.5T"),2)),"") | F15: =IFERROR(IF(OR($A15="",D15="",D15<2),"",ROUND(SQRT(SUMPRODUCT(('02_偏向角_記録'!$D$2:$D$401=$A15)*('02_偏向角_記録'!$C$2:$C$401="1.5T")*('02_偏向角_記録'!$G$2:$G$401<>"")*('02_偏向角_記録'!$G$2:$G$401-E15)^2)/(D15-1)),2)),"") | G15: =IFERROR(IF(OR($A15="",D15="",D15<2),"",ROUND(TINV(0.05,D15-1)*F15/SQRT(D15),2)),"") | H15: =IFERROR(IF(OR($A15="",D15="",D15=0),"",ROUND(SUMPRODUCT(MAX(('02_偏向角_記録'!$D$2:$D$401=$A15)*('02_偏向角_記録'!$C$2:$C$401="1.5T")*'02_偏向角_記録'!$G$2:$G$401)),2)),"") | I15: =IFERROR(IF(OR($A15="",D15="",D15=0),"",IF(COUNTIFS('02_偏向角_記録'!$D$2:$D$401,$A15,'02_偏向角_記録'!$C$2:$C$401,"1.5T",'02_偏向角_記録'!$G$2:$G$401,">=45")>0,"要確認","適合")),"") | J15: =IF($A15="","",COUNTIFS('02_偏向角_記録'!$D$2:$D$401,$A15,'02_偏向角_記録'!$C$2:$C$401,"3T",'02_偏向角_記録'!$G$2:$G$401,">=0")) | K15: =IFERROR(IF(OR($A15="",J15="",J15=0),"",ROUND(AVERAGEIFS('02_偏向角_記録'!$G$2:$G$401,'02_偏向角_記録'!$D$2:$D$401,$A15,'02_偏向角_記録'!$C$2:$C$401,"3T"),2)),"") | L15: =IFERROR(IF(OR($A15="",J15="",J15<2),"",ROUND(SQRT(SUMPRODUCT(('02_偏向角_記録'!$D$2:$D$401=$A15)*('02_偏向角_記録'!$C$2:$C$401="3T")*('02_偏向角_記録'!$G$2:$G$401<>"")*('02_偏向角_記録'!$G$2:$G$401-K15)^2)/(J15-1)),2)),"") | M15: =IFERROR(IF(OR($A15="",J15="",J15<2),"",ROUND(TINV(0.05,J15-1)*L15/SQRT(J15),2)),"") | N15: =IFERROR(IF(OR($A15="",J15="",J15=0),"",ROUND(SUMPRODUCT(MAX(('02_偏向角_記録'!$D$2:$D$401=$A15)*('02_偏向角_記録'!$C$2:$C$401="3T")*'02_偏向角_記録'!$G$2:$G$401)),2)),"") | O15: =IFERROR(IF(OR($A15="",J15="",J15=0),"",IF(COUNTIFS('02_偏向角_記録'!$D$2:$D$401,$A15,'02_偏向角_記録'!$C$2:$C$401,"3T",'02_偏向角_記録'!$G$2:$G$401,">=45")>0,"要確認","適合")),"")
A16: =IF('01_試料マスタ'!A13="","",'01_試料マスタ'!A13) | B16: =IF('01_試料マスタ'!B13="","",'01_試料マスタ'!B13) | C16: =IF('01_試料マスタ'!C13="","",'01_試料マスタ'!C13) | D16: =IF($A16="","",COUNTIFS('02_偏向角_記録'!$D$2:$D$401,$A16,'02_偏向角_記録'!$C$2:$C$401,"1.5T",'02_偏向角_記録'!$G$2:$G$401,">=0")) | E16: =IFERROR(IF(OR($A16="",D16="",D16=0),"",ROUND(AVERAGEIFS('02_偏向角_記録'!$G$2:$G$401,'02_偏向角_記録'!$D$2:$D$401,$A16,'02_偏向角_記録'!$C$2:$C$401,"1.5T"),2)),"") | F16: =IFERROR(IF(OR($A16="",D16="",D16<2),"",ROUND(SQRT(SUMPRODUCT(('02_偏向角_記録'!$D$2:$D$401=$A16)*('02_偏向角_記録'!$C$2:$C$401="1.5T")*('02_偏向角_記録'!$G$2:$G$401<>"")*('02_偏向角_記録'!$G$2:$G$401-E16)^2)/(D16-1)),2)),"") | G16: =IFERROR(IF(OR($A16="",D16="",D16<2),"",ROUND(TINV(0.05,D16-1)*F16/SQRT(D16),2)),"") | H16: =IFERROR(IF(OR($A16="",D16="",D16=0),"",ROUND(SUMPRODUCT(MAX(('02_偏向角_記録'!$D$2:$D$401=$A16)*('02_偏向角_記録'!$C$2:$C$401="1.5T")*'02_偏向角_記録'!$G$2:$G$401)),2)),"") | I16: =IFERROR(IF(OR($A16="",D16="",D16=0),"",IF(COUNTIFS('02_偏向角_記録'!$D$2:$D$401,$A16,'02_偏向角_記録'!$C$2:$C$401,"1.5T",'02_偏向角_記録'!$G$2:$G$401,">=45")>0,"要確認","適合")),"") | J16: =IF($A16="","",COUNTIFS('02_偏向角_記録'!$D$2:$D$401,$A16,'02_偏向角_記録'!$C$2:$C$401,"3T",'02_偏向角_記録'!$G$2:$G$401,">=0")) | K16: =IFERROR(IF(OR($A16="",J16="",J16=0),"",ROUND(AVERAGEIFS('02_偏向角_記録'!$G$2:$G$401,'02_偏向角_記録'!$D$2:$D$401,$A16,'02_偏向角_記録'!$C$2:$C$401,"3T"),2)),"") | L16: =IFERROR(IF(OR($A16="",J16="",J16<2),"",ROUND(SQRT(SUMPRODUCT(('02_偏向角_記録'!$D$2:$D$401=$A16)*('02_偏向角_記録'!$C$2:$C$401="3T")*('02_偏向角_記録'!$G$2:$G$401<>"")*('02_偏向角_記録'!$G$2:$G$401-K16)^2)/(J16-1)),2)),"") | M16: =IFERROR(IF(OR($A16="",J16="",J16<2),"",ROUND(TINV(0.05,J16-1)*L16/SQRT(J16),2)),"") | N16: =IFERROR(IF(OR($A16="",J16="",J16=0),"",ROUND(SUMPRODUCT(MAX(('02_偏向角_記録'!$D$2:$D$401=$A16)*('02_偏向角_記録'!$C$2:$C$401="3T")*'02_偏向角_記録'!$G$2:$G$401)),2)),"") | O16: =IFERROR(IF(OR($A16="",J16="",J16=0),"",IF(COUNTIFS('02_偏向角_記録'!$D$2:$D$401,$A16,'02_偏向角_記録'!$C$2:$C$401,"3T",'02_偏向角_記録'!$G$2:$G$401,">=45")>0,"要確認","適合")),"")
... A28: =IF('01_試料マスタ'!A25="","",'01_試料マスタ'!A25) | B28: =IF('01_試料マスタ'!B25="","",'01_試料マスタ'!B25) | C28: =IF('01_試料マスタ'!C25="","",'01_試料マスタ'!C25) | D28: =IF($A28="","",COUNTIFS('02_偏向角_記録'!$D$2:$D$401,$A28,'02_偏向角_記録'!$C$2:$C$401,"1.5T",'02_偏向角_記録'!$G$2:$G$401,">=0")) | E28: =IFERROR(IF(OR($A28="",D28="",D28=0),"",ROUND(AVERAGEIFS('02_偏向角_記録'!$G$2:$G$401,'02_偏向角_記録'!$D$2:$D$401,$A28,'02_偏向角_記録'!$C$2:$C$401,"1.5T"),2)),"") | F28: =IFERROR(IF(OR($A28="",D28="",D28<2),"",ROUND(SQRT(SUMPRODUCT(('02_偏向角_記録'!$D$2:$D$401=$A28)*('02_偏向角_記録'!$C$2:$C$401="1.5T")*('02_偏向角_記録'!$G$2:$G$401<>"")*('02_偏向角_記録'!$G$2:$G$401-E28)^2)/(D28-1)),2)),"") | G28: =IFERROR(IF(OR($A28="",D28="",D28<2),"",ROUND(TINV(0.05,D28-1)*F28/SQRT(D28),2)),"") | H28: =IFERROR(IF(OR($A28="",D28="",D28=0),"",ROUND(SUMPRODUCT(MAX(('02_偏向角_記録'!$D$2:$D$401=$A28)*('02_偏向角_記録'!$C$2:$C$401="1.5T")*'02_偏向角_記録'!$G$2:$G$401)),2)),"") | I28: =IFERROR(IF(OR($A28="",D28="",D28=0),"",IF(COUNTIFS('02_偏向角_記録'!$D$2:$D$401,$A28,'02_偏向角_記録'!$C$2:$C$401,"1.5T",'02_偏向角_記録'!$G$2:$G$401,">=45")>0,"要確認","適合")),"") | J28: =IF($A28="","",COUNTIFS('02_偏向角_記録'!$D$2:$D$401,$A28,'02_偏向角_記録'!$C$2:$C$401,"3T",'02_偏向角_記録'!$G$2:$G$401,">=0")) | K28: =IFERROR(IF(OR($A28="",J28="",J28=0),"",ROUND(AVERAGEIFS('02_偏向角_記録'!$G$2:$G$401,'02_偏向角_記録'!$D$2:$D$401,$A28,'02_偏向角_記録'!$C$2:$C$401,"3T"),2)),"") | L28: =IFERROR(IF(OR($A28="",J28="",J28<2),"",ROUND(SQRT(SUMPRODUCT(('02_偏向角_記録'!$D$2:$D$401=$A28)*('02_偏向角_記録'!$C$2:$C$401="3T")*('02_偏向角_記録'!$G$2:$G$401<>"")*('02_偏向角_記録'!$G$2:$G$401-K28)^2)/(J28-1)),2)),"") | M28: =IFERROR(IF(OR($A28="",J28="",J28<2),"",ROUND(TINV(0.05,J28-1)*L28/SQRT(J28),2)),"") | N28: =IFERROR(IF(OR($A28="",J28="",J28=0),"",ROUND(SUMPRODUCT(MAX(('02_偏向角_記録'!$D$2:$D$401=$A28)*('02_偏向角_記録'!$C$2:$C$401="3T")*'02_偏向角_記録'!$G$2:$G$401)),2)),"") | O28: =IFERROR(IF(OR($A28="",J28="",J28=0),"",IF(COUNTIFS('02_偏向角_記録'!$D$2:$D$401,$A28,'02_偏向角_記録'!$C$2:$C$401,"3T",'02_偏向角_記録'!$G$2:$G$401,">=45")>0,"要確認","適合")),"")
A30: 試料IDは 01_試料マスタ の先頭24件を自動で参照しています。25件以上を扱う場合は最終行を下方向にコピーしてください。

Sheet 04_アーチファクト_記録
A1: 測定ID | B1: 測定日 | C1: 装置 | D1: シーケンス | E1: TE (ms) | F1: 受信BW (Hz/px) | G1: PE方向 | H1: 距離 (cm) | I1: 配置角度 (°) | J1: 試料ID | K1: 反復No | L1: 信号消失面積 (mm2) | M1: 最大径 (mm) | N1: 測定者 | O1: 備考
A2: A-0001 | B2: 46063 | C2: 3T | D2: GRE | E2: 15 | F2: 250 | G2: A-P | H2: 0 | I2: 0 | J2: S-01 | K2: 1 | L2: 121.4 | M2: 14.2 | N2: 山田 | O2: ASTM F2119：参照画像との差30%超を閾値
A803: アーチファクトの定義（ASTM F2119）：試料なしの参照画像との画素値の差が30%を超える領域。ImageJ で閾値処理して面積・最大径を計測。

Sheet 05_アーチファクト_集計
A1: アーチファクトの集計（04_アーチファクト_記録 から自動計算。入力不要）
A3: ① シーケンス別 | D3: 条件：距離 0 cm・配置角度 0°
B4: 1.5T | E4: 3T
A5: シーケンス | B5: n | C5: 平均面積 (mm2) | D5: SD | E5: n | F5: 平均面積 (mm2) | G5: SD
A6: SE | B6: =COUNTIFS('04_アーチファクト_記録'!$C$2:$C$801,"1.5T",'04_アーチファクト_記録'!$D$2:$D$801,$A6,'04_アーチファクト_記録'!$H$2:$H$801,0,'04_アーチファクト_記録'!$I$2:$I$801,0,'04_アーチファクト_記録'!$L$2:$L$801,">=0") | C6: =IFERROR(IF(B6=0,"",ROUND(AVERAGEIFS('04_アーチファクト_記録'!$L$2:$L$801,'04_アーチファクト_記録'!$C$2:$C$801,"1.5T",'04_アーチファクト_記録'!$D$2:$D$801,$A6,'04_アーチファクト_記録'!$H$2:$H$801,0,'04_アーチファクト_記録'!$I$2:$I$801,0),1)),"") | D6: =IFERROR(IF(B6<2,"",ROUND(SQRT(SUMPRODUCT(('04_アーチファクト_記録'!$C$2:$C$801="1.5T")*('04_アーチファクト_記録'!$D$2:$D$801=$A6)*('04_アーチファクト_記録'!$H$2:$H$801=0)*('04_アーチファクト_記録'!$I$2:$I$801=0)*('04_アーチファクト_記録'!$L$2:$L$801<>"")*('04_アーチファクト_記録'!$L$2:$L$801-C6)^2)/(B6-1)),1)),"") | E6: =COUNTIFS('04_アーチファクト_記録'!$C$2:$C$801,"3T",'04_アーチファクト_記録'!$D$2:$D$801,$A6,'04_アーチファクト_記録'!$H$2:$H$801,0,'04_アーチファクト_記録'!$I$2:$I$801,0,'04_アーチファクト_記録'!$L$2:$L$801,">=0") | F6: =IFERROR(IF(E6=0,"",ROUND(AVERAGEIFS('04_アーチファクト_記録'!$L$2:$L$801,'04_アーチファクト_記録'!$C$2:$C$801,"3T",'04_アーチファクト_記録'!$D$2:$D$801,$A6,'04_アーチファクト_記録'!$H$2:$H$801,0,'04_アーチファクト_記録'!$I$2:$I$801,0),1)),"") | G6: =IFERROR(IF(E6<2,"",ROUND(SQRT(SUMPRODUCT(('04_アーチファクト_記録'!$C$2:$C$801="3T")*('04_アーチファクト_記録'!$D$2:$D$801=$A6)*('04_アーチファクト_記録'!$H$2:$H$801=0)*('04_アーチファクト_記録'!$I$2:$I$801=0)*('04_アーチファクト_記録'!$L$2:$L$801<>"")*('04_アーチファクト_記録'!$L$2:$L$801-F6)^2)/(E6-1)),1)),"")
A7: TSE | B7: =COUNTIFS('04_アーチファクト_記録'!$C$2:$C$801,"1.5T",'04_アーチファクト_記録'!$D$2:$D$801,$A7,'04_アーチファクト_記録'!$H$2:$H$801,0,'04_アーチファクト_記録'!$I$2:$I$801,0,'04_アーチファクト_記録'!$L$2:$L$801,">=0") | C7: =IFERROR(IF(B7=0,"",ROUND(AVERAGEIFS('04_アーチファクト_記録'!$L$2:$L$801,'04_アーチファクト_記録'!$C$2:$C$801,"1.5T",'04_アーチファクト_記録'!$D$2:$D$801,$A7,'04_アーチファクト_記録'!$H$2:$H$801,0,'04_アーチファクト_記録'!$I$2:$I$801,0),1)),"") | D7: =IFERROR(IF(B7<2,"",ROUND(SQRT(SUMPRODUCT(('04_アーチファクト_記録'!$C$2:$C$801="1.5T")*('04_アーチファクト_記録'!$D$2:$D$801=$A7)*('04_アーチファクト_記録'!$H$2:$H$801=0)*('04_アーチファクト_記録'!$I$2:$I$801=0)*('04_アーチファクト_記録'!$L$2:$L$801<>"")*('04_アーチファクト_記録'!$L$2:$L$801-C7)^2)/(B7-1)),1)),"") | E7: =COUNTIFS('04_アーチファクト_記録'!$C$2:$C$801,"3T",'04_アーチファクト_記録'!$D$2:$D$801,$A7,'04_アーチファクト_記録'!$H$2:$H$801,0,'04_アーチファクト_記録'!$I$2:$I$801,0,'04_アーチファクト_記録'!$L$2:$L$801,">=0") | F7: =IFERROR(IF(E7=0,"",ROUND(AVERAGEIFS('04_アーチファクト_記録'!$L$2:$L$801,'04_アーチファクト_記録'!$C$2:$C$801,"3T",'04_アーチファクト_記録'!$D$2:$D$801,$A7,'04_アーチファクト_記録'!$H$2:$H$801,0,'04_アーチファクト_記録'!$I$2:$I$801,0),1)),"") | G7: =IFERROR(IF(E7<2,"",ROUND(SQRT(SUMPRODUCT(('04_アーチファクト_記録'!$C$2:$C$801="3T")*('04_アーチファクト_記録'!$D$2:$D$801=$A7)*('04_アーチファクト_記録'!$H$2:$H$801=0)*('04_アーチファクト_記録'!$I$2:$I$801=0)*('04_アーチファクト_記録'!$L$2:$L$801<>"")*('04_アーチファクト_記録'!$L$2:$L$801-F7)^2)/(E7-1)),1)),"")
A8: GRE | B8: =COUNTIFS('04_アーチファクト_記録'!$C$2:$C$801,"1.5T",'04_アーチファクト_記録'!$D$2:$D$801,$A8,'04_アーチファクト_記録'!$H$2:$H$801,0,'04_アーチファクト_記録'!$I$2:$I$801,0,'04_アーチファクト_記録'!$L$2:$L$801,">=0") | C8: =IFERROR(IF(B8=0,"",ROUND(AVERAGEIFS('04_アーチファクト_記録'!$L$2:$L$801,'04_アーチファクト_記録'!$C$2:$C$801,"1.5T",'04_アーチファクト_記録'!$D$2:$D$801,$A8,'04_アーチファクト_記録'!$H$2:$H$801,0,'04_アーチファクト_記録'!$I$2:$I$801,0),1)),"") | D8: =IFERROR(IF(B8<2,"",ROUND(SQRT(SUMPRODUCT(('04_アーチファクト_記録'!$C$2:$C$801="1.5T")*('04_アーチファクト_記録'!$D$2:$D$801=$A8)*('04_アーチファクト_記録'!$H$2:$H$801=0)*('04_アーチファクト_記録'!$I$2:$I$801=0)*('04_アーチファクト_記録'!$L$2:$L$801<>"")*('04_アーチファクト_記録'!$L$2:$L$801-C8)^2)/(B8-1)),1)),"") | E8: =COUNTIFS('04_アーチファクト_記録'!$C$2:$C$801,"3T",'04_アーチファクト_記録'!$D$2:$D$801,$A8,'04_アーチファクト_記録'!$H$2:$H$801,0,'04_アーチファクト_記録'!$I$2:$I$801,0,'04_アーチファクト_記録'!$L$2:$L$801,">=0") | F8: =IFERROR(IF(E8=0,"",ROUND(AVERAGEIFS('04_アーチファクト_記録'!$L$2:$L$801,'04_アーチファクト_記録'!$C$2:$C$801,"3T",'04_アーチファクト_記録'!$D$2:$D$801,$A8,'04_アーチファクト_記録'!$H$2:$H$801,0,'04_アーチファクト_記録'!$I$2:$I$801,0),1)),"") | G8: =IFERROR(IF(E8<2,"",ROUND(SQRT(SUMPRODUCT(('04_アーチファクト_記録'!$C$2:$C$801="3T")*('04_アーチファクト_記録'!$D$2:$D$801=$A8)*('04_アーチファクト_記録'!$H$2:$H$801=0)*('04_アーチファクト_記録'!$I$2:$I$801=0)*('04_アーチファクト_記録'!$L$2:$L$801<>"")*('04_アーチファクト_記録'!$L$2:$L$801-F8)^2)/(E8-1)),1)),"")
A9: EPI | B9: =COUNTIFS('04_アーチファクト_記録'!$C$2:$C$801,"1.5T",'04_アーチファクト_記録'!$D$2:$D$801,$A9,'04_アーチファクト_記録'!$H$2:$H$801,0,'04_アーチファクト_記録'!$I$2:$I$801,0,'04_アーチファクト_記録'!$L$2:$L$801,">=0") | C9: =IFERROR(IF(B9=0,"",ROUND(AVERAGEIFS('04_アーチファクト_記録'!$L$2:$L$801,'04_アーチファクト_記録'!$C$2:$C$801,"1.5T",'04_アーチファクト_記録'!$D$2:$D$801,$A9,'04_アーチファクト_記録'!$H$2:$H$801,0,'04_アーチファクト_記録'!$I$2:$I$801,0),1)),"") | D9: =IFERROR(IF(B9<2,"",ROUND(SQRT(SUMPRODUCT(('04_アーチファクト_記録'!$C$2:$C$801="1.5T")*('04_アーチファクト_記録'!$D$2:$D$801=$A9)*('04_アーチファクト_記録'!$H$2:$H$801=0)*('04_アーチファクト_記録'!$I$2:$I$801=0)*('04_アーチファクト_記録'!$L$2:$L$801<>"")*('04_アーチファクト_記録'!$L$2:$L$801-C9)^2)/(B9-1)),1)),"") | E9: =COUNTIFS('04_アーチファクト_記録'!$C$2:$C$801,"3T",'04_アーチファクト_記録'!$D$2:$D$801,$A9,'04_アーチファクト_記録'!$H$2:$H$801,0,'04_アーチファクト_記録'!$I$2:$I$801,0,'04_アーチファクト_記録'!$L$2:$L$801,">=0") | F9: =IFERROR(IF(E9=0,"",ROUND(AVERAGEIFS('04_アーチファクト_記録'!$L$2:$L$801,'04_アーチファクト_記録'!$C$2:$C$801,"3T",'04_アーチファクト_記録'!$D$2:$D$801,$A9,'04_アーチファクト_記録'!$H$2:$H$801,0,'04_アーチファクト_記録'!$I$2:$I$801,0),1)),"") | G9: =IFERROR(IF(E9<2,"",ROUND(SQRT(SUMPRODUCT(('04_アーチファクト_記録'!$C$2:$C$801="3T")*('04_アーチファクト_記録'!$D$2:$D$801=$A9)*('04_アーチファクト_記録'!$H$2:$H$801=0)*('04_アーチファクト_記録'!$I$2:$I$801=0)*('04_アーチファクト_記録'!$L$2:$L$801<>"")*('04_アーチファクト_記録'!$L$2:$L$801-F9)^2)/(E9-1)),1)),"")
A10: 脂肪抑制 | B10: =COUNTIFS('04_アーチファクト_記録'!$C$2:$C$801,"1.5T",'04_アーチファクト_記録'!$D$2:$D$801,$A10,'04_アーチファクト_記録'!$H$2:$H$801,0,'04_アーチファクト_記録'!$I$2:$I$801,0,'04_アーチファクト_記録'!$L$2:$L$801,">=0") | C10: =IFERROR(IF(B10=0,"",ROUND(AVERAGEIFS('04_アーチファクト_記録'!$L$2:$L$801,'04_アーチファクト_記録'!$C$2:$C$801,"1.5T",'04_アーチファクト_記録'!$D$2:$D$801,$A10,'04_アーチファクト_記録'!$H$2:$H$801,0,'04_アーチファクト_記録'!$I$2:$I$801,0),1)),"") | D10: =IFERROR(IF(B10<2,"",ROUND(SQRT(SUMPRODUCT(('04_アーチファクト_記録'!$C$2:$C$801="1.5T")*('04_アーチファクト_記録'!$D$2:$D$801=$A10)*('04_アーチファクト_記録'!$H$2:$H$801=0)*('04_アーチファクト_記録'!$I$2:$I$801=0)*('04_アーチファクト_記録'!$L$2:$L$801<>"")*('04_アーチファクト_記録'!$L$2:$L$801-C10)^2)/(B10-1)),1)),"") | E10: =COUNTIFS('04_アーチファクト_記録'!$C$2:$C$801,"3T",'04_アーチファクト_記録'!$D$2:$D$801,$A10,'04_アーチファクト_記録'!$H$2:$H$801,0,'04_アーチファクト_記録'!$I$2:$I$801,0,'04_アーチファクト_記録'!$L$2:$L$801,">=0") | F10: =IFERROR(IF(E10=0,"",ROUND(AVERAGEIFS('04_アーチファクト_記録'!$L$2:$L$801,'04_アーチファクト_記録'!$C$2:$C$801,"3T",'04_アーチファクト_記録'!$D$2:$D$801,$A10,'04_アーチファクト_記録'!$H$2:$H$801,0,'04_アーチファクト_記録'!$I$2:$I$801,0),1)),"") | G10: =IFERROR(IF(E10<2,"",ROUND(SQRT(SUMPRODUCT(('04_アーチファクト_記録'!$C$2:$C$801="3T")*('04_アーチファクト_記録'!$D$2:$D$801=$A10)*('04_アーチファクト_記録'!$H$2:$H$801=0)*('04_アーチファクト_記録'!$I$2:$I$801=0)*('04_アーチファクト_記録'!$L$2:$L$801<>"")*('04_アーチファクト_記録'!$L$2:$L$801-F10)^2)/(E10-1)),1)),"")
A13: ② TE別（GRE・距離 0 cm） | D13: TEの水準は実際の撮影条件に合わせて書き換えてください
B14: 1.5T | E14: 3T
A15: TE (ms) | B15: n | C15: 平均面積 (mm2) | D15: SD | E15: n | F15: 平均面積 (mm2) | G15: SD
A16: 5 | B16: =COUNTIFS('04_アーチファクト_記録'!$C$2:$C$801,"1.5T",'04_アーチファクト_記録'!$D$2:$D$801,"GRE",'04_アーチファクト_記録'!$E$2:$E$801,$A16,'04_アーチファクト_記録'!$H$2:$H$801,0,'04_アーチファクト_記録'!$L$2:$L$801,">=0") | C16: =IFERROR(IF(B16=0,"",ROUND(AVERAGEIFS('04_アーチファクト_記録'!$L$2:$L$801,'04_アーチファクト_記録'!$C$2:$C$801,"1.5T",'04_アーチファクト_記録'!$D$2:$D$801,"GRE",'04_アーチファクト_記録'!$E$2:$E$801,$A16,'04_アーチファクト_記録'!$H$2:$H$801,0),1)),"") | D16: =IFERROR(IF(B16<2,"",ROUND(SQRT(SUMPRODUCT(('04_アーチファクト_記録'!$C$2:$C$801="1.5T")*('04_アーチファクト_記録'!$D$2:$D$801="GRE")*('04_アーチファクト_記録'!$E$2:$E$801=$A16)*('04_アーチファクト_記録'!$H$2:$H$801=0)*('04_アーチファクト_記録'!$L$2:$L$801<>"")*('04_アーチファクト_記録'!$L$2:$L$801-C16)^2)/(B16-1)),1)),"") | E16: =COUNTIFS('04_アーチファクト_記録'!$C$2:$C$801,"3T",'04_アーチファクト_記録'!$D$2:$D$801,"GRE",'04_アーチファクト_記録'!$E$2:$E$801,$A16,'04_アーチファクト_記録'!$H$2:$H$801,0,'04_アーチファクト_記録'!$L$2:$L$801,">=0") | F16: =IFERROR(IF(E16=0,"",ROUND(AVERAGEIFS('04_アーチファクト_記録'!$L$2:$L$801,'04_アーチファクト_記録'!$C$2:$C$801,"3T",'04_アーチファクト_記録'!$D$2:$D$801,"GRE",'04_アーチファクト_記録'!$E$2:$E$801,$A16,'04_アーチファクト_記録'!$H$2:$H$801,0),1)),"") | G16: =IFERROR(IF(E16<2,"",ROUND(SQRT(SUMPRODUCT(('04_アーチファクト_記録'!$C$2:$C$801="3T")*('04_アーチファクト_記録'!$D$2:$D$801="GRE")*('04_アーチファクト_記録'!$E$2:$E$801=$A16)*('04_アーチファクト_記録'!$H$2:$H$801=0)*('04_アーチファクト_記録'!$L$2:$L$801<>"")*('04_アーチファクト_記録'!$L$2:$L$801-F16)^2)/(E16-1)),1)),"")
A17: 10 | B17: =COUNTIFS('04_アーチファクト_記録'!$C$2:$C$801,"1.5T",'04_アーチファクト_記録'!$D$2:$D$801,"GRE",'04_アーチファクト_記録'!$E$2:$E$801,$A17,'04_アーチファクト_記録'!$H$2:$H$801,0,'04_アーチファクト_記録'!$L$2:$L$801,">=0") | C17: =IFERROR(IF(B17=0,"",ROUND(AVERAGEIFS('04_アーチファクト_記録'!$L$2:$L$801,'04_アーチファクト_記録'!$C$2:$C$801,"1.5T",'04_アーチファクト_記録'!$D$2:$D$801,"GRE",'04_アーチファクト_記録'!$E$2:$E$801,$A17,'04_アーチファクト_記録'!$H$2:$H$801,0),1)),"") | D17: =IFERROR(IF(B17<2,"",ROUND(SQRT(SUMPRODUCT(('04_アーチファクト_記録'!$C$2:$C$801="1.5T")*('04_アーチファクト_記録'!$D$2:$D$801="GRE")*('04_アーチファクト_記録'!$E$2:$E$801=$A17)*('04_アーチファクト_記録'!$H$2:$H$801=0)*('04_アーチファクト_記録'!$L$2:$L$801<>"")*('04_アーチファクト_記録'!$L$2:$L$801-C17)^2)/(B17-1)),1)),"") | E17: =COUNTIFS('04_アーチファクト_記録'!$C$2:$C$801,"3T",'04_アーチファクト_記録'!$D$2:$D$801,"GRE",'04_アーチファクト_記録'!$E$2:$E$801,$A17,'04_アーチファクト_記録'!$H$2:$H$801,0,'04_アーチファクト_記録'!$L$2:$L$801,">=0") | F17: =IFERROR(IF(E17=0,"",ROUND(AVERAGEIFS('04_アーチファクト_記録'!$L$2:$L$801,'04_アーチファクト_記録'!$C$2:$C$801,"3T",'04_アーチファクト_記録'!$D$2:$D$801,"GRE",'04_アーチファクト_記録'!$E$2:$E$801,$A17,'04_アーチファクト_記録'!$H$2:$H$801,0),1)),"") | G17: =IFERROR(IF(E17<2,"",ROUND(SQRT(SUMPRODUCT(('04_アーチファクト_記録'!$C$2:$C$801="3T")*('04_アーチファクト_記録'!$D$2:$D$801="GRE")*('04_アーチファクト_記録'!$E$2:$E$801=$A17)*('04_アーチファクト_記録'!$H$2:$H$801=0)*('04_アーチファクト_記録'!$L$2:$L$801<>"")*('04_アーチファクト_記録'!$L$2:$L$801-F17)^2)/(E17-1)),1)),"")
A18: 15 | B18: =COUNTIFS('04_アーチファクト_記録'!$C$2:$C$801,"1.5T",'04_アーチファクト_記録'!$D$2:$D$801,"GRE",'04_アーチファクト_記録'!$E$2:$E$801,$A18,'04_アーチファクト_記録'!$H$2:$H$801,0,'04_アーチファクト_記録'!$L$2:$L$801,">=0") | C18: =IFERROR(IF(B18=0,"",ROUND(AVERAGEIFS('04_アーチファクト_記録'!$L$2:$L$801,'04_アーチファクト_記録'!$C$2:$C$801,"1.5T",'04_アーチファクト_記録'!$D$2:$D$801,"GRE",'04_アーチファクト_記録'!$E$2:$E$801,$A18,'04_アーチファクト_記録'!$H$2:$H$801,0),1)),"") | D18: =IFERROR(IF(B18<2,"",ROUND(SQRT(SUMPRODUCT(('04_アーチファクト_記録'!$C$2:$C$801="1.5T")*('04_アーチファクト_記録'!$D$2:$D$801="GRE")*('04_アーチファクト_記録'!$E$2:$E$801=$A18)*('04_アーチファクト_記録'!$H$2:$H$801=0)*('04_アーチファクト_記録'!$L$2:$L$801<>"")*('04_アーチファクト_記録'!$L$2:$L$801-C18)^2)/(B18-1)),1)),"") | E18: =COUNTIFS('04_アーチファクト_記録'!$C$2:$C$801,"3T",'04_アーチファクト_記録'!$D$2:$D$801,"GRE",'04_アーチファクト_記録'!$E$2:$E$801,$A18,'04_アーチファクト_記録'!$H$2:$H$801,0,'04_アーチファクト_記録'!$L$2:$L$801,">=0") | F18: =IFERROR(IF(E18=0,"",ROUND(AVERAGEIFS('04_アーチファクト_記録'!$L$2:$L$801,'04_アーチファクト_記録'!$C$2:$C$801,"3T",'04_アーチファクト_記録'!$D$2:$D$801,"GRE",'04_アーチファクト_記録'!$E$2:$E$801,$A18,'04_アーチファクト_記録'!$H$2:$H$801,0),1)),"") | G18: =IFERROR(IF(E18<2,"",ROUND(SQRT(SUMPRODUCT(('04_アーチファクト_記録'!$C$2:$C$801="3T")*('04_アーチファクト_記録'!$D$2:$D$801="GRE")*('04_アーチファクト_記録'!$E$2:$E$801=$A18)*('04_アーチファクト_記録'!$H$2:$H$801=0)*('04_アーチファクト_記録'!$L$2:$L$801<>"")*('04_アーチファクト_記録'!$L$2:$L$801-F18)^2)/(E18-1)),1)),"")
A19: 20 | B19: =COUNTIFS('04_アーチファクト_記録'!$C$2:$C$801,"1.5T",'04_アーチファクト_記録'!$D$2:$D$801,"GRE",'04_アーチファクト_記録'!$E$2:$E$801,$A19,'04_アーチファクト_記録'!$H$2:$H$801,0,'04_アーチファクト_記録'!$L$2:$L$801,">=0") | C19: =IFERROR(IF(B19=0,"",ROUND(AVERAGEIFS('04_アーチファクト_記録'!$L$2:$L$801,'04_アーチファクト_記録'!$C$2:$C$801,"1.5T",'04_アーチファクト_記録'!$D$2:$D$801,"GRE",'04_アーチファクト_記録'!$E$2:$E$801,$A19,'04_アーチファクト_記録'!$H$2:$H$801,0),1)),"") | D19: =IFERROR(IF(B19<2,"",ROUND(SQRT(SUMPRODUCT(('04_アーチファクト_記録'!$C$2:$C$801="1.5T")*('04_アーチファクト_記録'!$D$2:$D$801="GRE")*('04_アーチファクト_記録'!$E$2:$E$801=$A19)*('04_アーチファクト_記録'!$H$2:$H$801=0)*('04_アーチファクト_記録'!$L$2:$L$801<>"")*('04_アーチファクト_記録'!$L$2:$L$801-C19)^2)/(B19-1)),1)),"") | E19: =COUNTIFS('04_アーチファクト_記録'!$C$2:$C$801,"3T",'04_アーチファクト_記録'!$D$2:$D$801,"GRE",'04_アーチファクト_記録'!$E$2:$E$801,$A19,'04_アーチファクト_記録'!$H$2:$H$801,0,'04_アーチファクト_記録'!$L$2:$L$801,">=0") | F19: =IFERROR(IF(E19=0,"",ROUND(AVERAGEIFS('04_アーチファクト_記録'!$L$2:$L$801,'04_アーチファクト_記録'!$C$2:$C$801,"3T",'04_アーチファクト_記録'!$D$2:$D$801,"GRE",'04_アーチファクト_記録'!$E$2:$E$801,$A19,'04_アーチファクト_記録'!$H$2:$H$801,0),1)),"") | G19: =IFERROR(IF(E19<2,"",ROUND(SQRT(SUMPRODUCT(('04_アーチファクト_記録'!$C$2:$C$801="3T")*('04_アーチファクト_記録'!$D$2:$D$801="GRE")*('04_アーチファクト_記録'!$E$2:$E$801=$A19)*('04_アーチファクト_記録'!$H$2:$H$801=0)*('04_アーチファクト_記録'!$L$2:$L$801<>"")*('04_アーチファクト_記録'!$L$2:$L$801-F19)^2)/(E19-1)),1)),"")
A20: 30 | B20: =COUNTIFS('04_アーチファクト_記録'!$C$2:$C$801,"1.5T",'04_アーチファクト_記録'!$D$2:$D$801,"GRE",'04_アーチファクト_記録'!$E$2:$E$801,$A20,'04_アーチファクト_記録'!$H$2:$H$801,0,'04_アーチファクト_記録'!$L$2:$L$801,">=0") | C20: =IFERROR(IF(B20=0,"",ROUND(AVERAGEIFS('04_アーチファクト_記録'!$L$2:$L$801,'04_アーチファクト_記録'!$C$2:$C$801,"1.5T",'04_アーチファクト_記録'!$D$2:$D$801,"GRE",'04_アーチファクト_記録'!$E$2:$E$801,$A20,'04_アーチファクト_記録'!$H$2:$H$801,0),1)),"") | D20: =IFERROR(IF(B20<2,"",ROUND(SQRT(SUMPRODUCT(('04_アーチファクト_記録'!$C$2:$C$801="1.5T")*('04_アーチファクト_記録'!$D$2:$D$801="GRE")*('04_アーチファクト_記録'!$E$2:$E$801=$A20)*('04_アーチファクト_記録'!$H$2:$H$801=0)*('04_アーチファクト_記録'!$L$2:$L$801<>"")*('04_アーチファクト_記録'!$L$2:$L$801-C20)^2)/(B20-1)),1)),"") | E20: =COUNTIFS('04_アーチファクト_記録'!$C$2:$C$801,"3T",'04_アーチファクト_記録'!$D$2:$D$801,"GRE",'04_アーチファクト_記録'!$E$2:$E$801,$A20,'04_アーチファクト_記録'!$H$2:$H$801,0,'04_アーチファクト_記録'!$L$2:$L$801,">=0") | F20: =IFERROR(IF(E20=0,"",ROUND(AVERAGEIFS('04_アーチファクト_記録'!$L$2:$L$801,'04_アーチファクト_記録'!$C$2:$C$801,"3T",'04_アーチファクト_記録'!$D$2:$D$801,"GRE",'04_アーチファクト_記録'!$E$2:$E$801,$A20,'04_アーチファクト_記録'!$H$2:$H$801,0),1)),"") | G20: =IFERROR(IF(E20<2,"",ROUND(SQRT(SUMPRODUCT(('04_アーチファクト_記録'!$C$2:$C$801="3T")*('04_アーチファクト_記録'!$D$2:$D$801="GRE")*('04_アーチファクト_記録'!$E$2:$E$801=$A20)*('04_アーチファクト_記録'!$H$2:$H$801=0)*('04_アーチファクト_記録'!$L$2:$L$801<>"")*('04_アーチファクト_記録'!$L$2:$L$801-F20)^2)/(E20-1)),1)),"")
A23: ③ 距離別（GRE）── 部位別運用の根拠になる表 | D23: 撮影部位からの距離。ここが本研究の核心
B24: 1.5T | E24: 3T
A25: 距離 (cm) | B25: n | C25: 平均面積 (mm2) | D25: SD | E25: n | F25: 平均面積 (mm2) | G25: SD
A26: 0 | B26: =COUNTIFS('04_アーチファクト_記録'!$C$2:$C$801,"1.5T",'04_アーチファクト_記録'!$D$2:$D$801,"GRE",'04_アーチファクト_記録'!$H$2:$H$801,$A26,'04_アーチファクト_記録'!$L$2:$L$801,">=0") | C26: =IFERROR(IF(B26=0,"",ROUND(AVERAGEIFS('04_アーチファクト_記録'!$L$2:$L$801,'04_アーチファクト_記録'!$C$2:$C$801,"1.5T",'04_アーチファクト_記録'!$D$2:$D$801,"GRE",'04_アーチファクト_記録'!$H$2:$H$801,$A26),1)),"") | D26: =IFERROR(IF(B26<2,"",ROUND(SQRT(SUMPRODUCT(('04_アーチファクト_記録'!$C$2:$C$801="1.5T")*('04_アーチファクト_記録'!$D$2:$D$801="GRE")*('04_アーチファクト_記録'!$H$2:$H$801=$A26)*('04_アーチファクト_記録'!$L$2:$L$801<>"")*('04_アーチファクト_記録'!$L$2:$L$801-C26)^2)/(B26-1)),1)),"") | E26: =COUNTIFS('04_アーチファクト_記録'!$C$2:$C$801,"3T",'04_アーチファクト_記録'!$D$2:$D$801,"GRE",'04_アーチファクト_記録'!$H$2:$H$801,$A26,'04_アーチファクト_記録'!$L$2:$L$801,">=0") | F26: =IFERROR(IF(E26=0,"",ROUND(AVERAGEIFS('04_アーチファクト_記録'!$L$2:$L$801,'04_アーチファクト_記録'!$C$2:$C$801,"3T",'04_アーチファクト_記録'!$D$2:$D$801,"GRE",'04_アーチファクト_記録'!$H$2:$H$801,$A26),1)),"") | G26: =IFERROR(IF(E26<2,"",ROUND(SQRT(SUMPRODUCT(('04_アーチファクト_記録'!$C$2:$C$801="3T")*('04_アーチファクト_記録'!$D$2:$D$801="GRE")*('04_アーチファクト_記録'!$H$2:$H$801=$A26)*('04_アーチファクト_記録'!$L$2:$L$801<>"")*('04_アーチファクト_記録'!$L$2:$L$801-F26)^2)/(E26-1)),1)),"")
A27: 2 | B27: =COUNTIFS('04_アーチファクト_記録'!$C$2:$C$801,"1.5T",'04_アーチファクト_記録'!$D$2:$D$801,"GRE",'04_アーチファクト_記録'!$H$2:$H$801,$A27,'04_アーチファクト_記録'!$L$2:$L$801,">=0") | C27: =IFERROR(IF(B27=0,"",ROUND(AVERAGEIFS('04_アーチファクト_記録'!$L$2:$L$801,'04_アーチファクト_記録'!$C$2:$C$801,"1.5T",'04_アーチファクト_記録'!$D$2:$D$801,"GRE",'04_アーチファクト_記録'!$H$2:$H$801,$A27),1)),"") | D27: =IFERROR(IF(B27<2,"",ROUND(SQRT(SUMPRODUCT(('04_アーチファクト_記録'!$C$2:$C$801="1.5T")*('04_アーチファクト_記録'!$D$2:$D$801="GRE")*('04_アーチファクト_記録'!$H$2:$H$801=$A27)*('04_アーチファクト_記録'!$L$2:$L$801<>"")*('04_アーチファクト_記録'!$L$2:$L$801-C27)^2)/(B27-1)),1)),"") | E27: =COUNTIFS('04_アーチファクト_記録'!$C$2:$C$801,"3T",'04_アーチファクト_記録'!$D$2:$D$801,"GRE",'04_アーチファクト_記録'!$H$2:$H$801,$A27,'04_アーチファクト_記録'!$L$2:$L$801,">=0") | F27: =IFERROR(IF(E27=0,"",ROUND(AVERAGEIFS('04_アーチファクト_記録'!$L$2:$L$801,'04_アーチファクト_記録'!$C$2:$C$801,"3T",'04_アーチファクト_記録'!$D$2:$D$801,"GRE",'04_アーチファクト_記録'!$H$2:$H$801,$A27),1)),"") | G27: =IFERROR(IF(E27<2,"",ROUND(SQRT(SUMPRODUCT(('04_アーチファクト_記録'!$C$2:$C$801="3T")*('04_アーチファクト_記録'!$D$2:$D$801="GRE")*('04_アーチファクト_記録'!$H$2:$H$801=$A27)*('04_アーチファクト_記録'!$L$2:$L$801<>"")*('04_アーチファクト_記録'!$L$2:$L$801-F27)^2)/(E27-1)),1)),"")
A28: 5 | B28: =COUNTIFS('04_アーチファクト_記録'!$C$2:$C$801,"1.5T",'04_アーチファクト_記録'!$D$2:$D$801,"GRE",'04_アーチファクト_記録'!$H$2:$H$801,$A28,'04_アーチファクト_記録'!$L$2:$L$801,">=0") | C28: =IFERROR(IF(B28=0,"",ROUND(AVERAGEIFS('04_アーチファクト_記録'!$L$2:$L$801,'04_アーチファクト_記録'!$C$2:$C$801,"1.5T",'04_アーチファクト_記録'!$D$2:$D$801,"GRE",'04_アーチファクト_記録'!$H$2:$H$801,$A28),1)),"") | D28: =IFERROR(IF(B28<2,"",ROUND(SQRT(SUMPRODUCT(('04_アーチファクト_記録'!$C$2:$C$801="1.5T")*('04_アーチファクト_記録'!$D$2:$D$801="GRE")*('04_アーチファクト_記録'!$H$2:$H$801=$A28)*('04_アーチファクト_記録'!$L$2:$L$801<>"")*('04_アーチファクト_記録'!$L$2:$L$801-C28)^2)/(B28-1)),1)),"") | E28: =COUNTIFS('04_アーチファクト_記録'!$C$2:$C$801,"3T",'04_アーチファクト_記録'!$D$2:$D$801,"GRE",'04_アーチファクト_記録'!$H$2:$H$801,$A28,'04_アーチファクト_記録'!$L$2:$L$801,">=0") | F28: =IFERROR(IF(E28=0,"",ROUND(AVERAGEIFS('04_アーチファクト_記録'!$L$2:$L$801,'04_アーチファクト_記録'!$C$2:$C$801,"3T",'04_アーチファクト_記録'!$D$2:$D$801,"GRE",'04_アーチファクト_記録'!$H$2:$H$801,$A28),1)),"") | G28: =IFERROR(IF(E28<2,"",ROUND(SQRT(SUMPRODUCT(('04_アーチファクト_記録'!$C$2:$C$801="3T")*('04_アーチファクト_記録'!$D$2:$D$801="GRE")*('04_アーチファクト_記録'!$H$2:$H$801=$A28)*('04_アーチファクト_記録'!$L$2:$L$801<>"")*('04_アーチファクト_記録'!$L$2:$L$801-F28)^2)/(E28-1)),1)),"")
A29: 10 | B29: =COUNTIFS('04_アーチファクト_記録'!$C$2:$C$801,"1.5T",'04_アーチファクト_記録'!$D$2:$D$801,"GRE",'04_アーチファクト_記録'!$H$2:$H$801,$A29,'04_アーチファクト_記録'!$L$2:$L$801,">=0") | C29: =IFERROR(IF(B29=0,"",ROUND(AVERAGEIFS('04_アーチファクト_記録'!$L$2:$L$801,'04_アーチファクト_記録'!$C$2:$C$801,"1.5T",'04_アーチファクト_記録'!$D$2:$D$801,"GRE",'04_アーチファクト_記録'!$H$2:$H$801,$A29),1)),"") | D29: =IFERROR(IF(B29<2,"",ROUND(SQRT(SUMPRODUCT(('04_アーチファクト_記録'!$C$2:$C$801="1.5T")*('04_アーチファクト_記録'!$D$2:$D$801="GRE")*('04_アーチファクト_記録'!$H$2:$H$801=$A29)*('04_アーチファクト_記録'!$L$2:$L$801<>"")*('04_アーチファクト_記録'!$L$2:$L$801-C29)^2)/(B29-1)),1)),"") | E29: =COUNTIFS('04_アーチファクト_記録'!$C$2:$C$801,"3T",'04_アーチファクト_記録'!$D$2:$D$801,"GRE",'04_アーチファクト_記録'!$H$2:$H$801,$A29,'04_アーチファクト_記録'!$L$2:$L$801,">=0") | F29: =IFERROR(IF(E29=0,"",ROUND(AVERAGEIFS('04_アーチファクト_記録'!$L$2:$L$801,'04_アーチファクト_記録'!$C$2:$C$801,"3T",'04_アーチファクト_記録'!$D$2:$D$801,"GRE",'04_アーチファクト_記録'!$H$2:$H$801,$A29),1)),"") | G29: =IFERROR(IF(E29<2,"",ROUND(SQRT(SUMPRODUCT(('04_アーチファクト_記録'!$C$2:$C$801="3T")*('04_アーチファクト_記録'!$D$2:$D$801="GRE")*('04_アーチファクト_記録'!$H$2:$H$801=$A29)*('04_アーチファクト_記録'!$L$2:$L$801<>"")*('04_アーチファクト_記録'!$L$2:$L$801-F29)^2)/(E29-1)),1)),"")
A30: 20 | B30: =COUNTIFS('04_アーチファクト_記録'!$C$2:$C$801,"1.5T",'04_アーチファクト_記録'!$D$2:$D$801,"GRE",'04_アーチファクト_記録'!$H$2:$H$801,$A30,'04_アーチファクト_記録'!$L$2:$L$801,">=0") | C30: =IFERROR(IF(B30=0,"",ROUND(AVERAGEIFS('04_アーチファクト_記録'!$L$2:$L$801,'04_アーチファクト_記録'!$C$2:$C$801,"1.5T",'04_アーチファクト_記録'!$D$2:$D$801,"GRE",'04_アーチファクト_記録'!$H$2:$H$801,$A30),1)),"") | D30: =IFERROR(IF(B30<2,"",ROUND(SQRT(SUMPRODUCT(('04_アーチファクト_記録'!$C$2:$C$801="1.5T")*('04_アーチファクト_記録'!$D$2:$D$801="GRE")*('04_アーチファクト_記録'!$H$2:$H$801=$A30)*('04_アーチファクト_記録'!$L$2:$L$801<>"")*('04_アーチファクト_記録'!$L$2:$L$801-C30)^2)/(B30-1)),1)),"") | E30: =COUNTIFS('04_アーチファクト_記録'!$C$2:$C$801,"3T",'04_アーチファクト_記録'!$D$2:$D$801,"GRE",'04_アーチファクト_記録'!$H$2:$H$801,$A30,'04_アーチファクト_記録'!$L$2:$L$801,">=0") | F30: =IFERROR(IF(E30=0,"",ROUND(AVERAGEIFS('04_アーチファクト_記録'!$L$2:$L$801,'04_アーチファクト_記録'!$C$2:$C$801,"3T",'04_アーチファクト_記録'!$D$2:$D$801,"GRE",'04_アーチファクト_記録'!$H$2:$H$801,$A30),1)),"") | G30: =IFERROR(IF(E30<2,"",ROUND(SQRT(SUMPRODUCT(('04_アーチファクト_記録'!$C$2:$C$801="3T")*('04_アーチファクト_記録'!$D$2:$D$801="GRE")*('04_アーチファクト_記録'!$H$2:$H$801=$A30)*('04_アーチファクト_記録'!$L$2:$L$801<>"")*('04_アーチファクト_記録'!$L$2:$L$801-F30)^2)/(E30-1)),1)),"")
A33: 各表の左端ラベルは入力値です。実際に撮影した水準に合わせて書き換えると、集計も追従します。

Sheet 06_発熱_記録
A1: 測定ID | B1: 測定日 | C1: 装置 | D1: シーケンス | E1: SAR (W/kg) | F1: 撮像時間 (min) | G1: 試料ID | H1: 40℃ | I1: 45℃ | J1: 50℃ | K1: 55℃ | L1: 60℃ | M1: 推定最高到達温度 | N1: 備考
A2: H-001 | B2: 46070 | C2: 3T | D2: TSE | E2: 3.2 | F2: 30 | G2: S-01 | H2: 未変色 | I2: 未変色 | J2: 未変色 | K2: 未変色 | L2: 未変色 | M2: =IF(H2="","",IF(L2="変色","60℃以上",IF(K2="変色","55〜60℃",IF(J2="変色","50〜55℃",IF(I2="変色","45〜50℃",IF(H2="変色","40〜45℃","40℃未満")))))) | N2: 不可逆性示温ラベル
M3: =IF(H3="","",IF(L3="変色","60℃以上",IF(K3="変色","55〜60℃",IF(J3="変色","50〜55℃",IF(I3="変色","45〜50℃",IF(H3="変色","40〜45℃","40℃未満"))))))
M4: =IF(H4="","",IF(L4="変色","60℃以上",IF(K4="変色","55〜60℃",IF(J4="変色","50〜55℃",IF(I4="変色","45〜50℃",IF(H4="変色","40〜45℃","40℃未満"))))))
M5: =IF(H5="","",IF(L5="変色","60℃以上",IF(K5="変色","55〜60℃",IF(J5="変色","50〜55℃",IF(I5="変色","45〜50℃",IF(H5="変色","40〜45℃","40℃未満"))))))
M6: =IF(H6="","",IF(L6="変色","60℃以上",IF(K6="変色","55〜60℃",IF(J6="変色","50〜55℃",IF(I6="変色","45〜50℃",IF(H6="変色","40〜45℃","40℃未満"))))))
M7: =IF(H7="","",IF(L7="変色","60℃以上",IF(K7="変色","55〜60℃",IF(J7="変色","50〜55℃",IF(I7="変色","45〜50℃",IF(H7="変色","40〜45℃","40℃未満"))))))
M8: =IF(H8="","",IF(L8="変色","60℃以上",IF(K8="変色","55〜60℃",IF(J8="変色","50〜55℃",IF(I8="変色","45〜50℃",IF(H8="変色","40〜45℃","40℃未満"))))))
M9: =IF(H9="","",IF(L9="変色","60℃以上",IF(K9="変色","55〜60℃",IF(J9="変色","50〜55℃",IF(I9="変色","45〜50℃",IF(H9="変色","40〜45℃","40℃未満"))))))
M10: =IF(H10="","",IF(L10="変色","60℃以上",IF(K10="変色","55〜60℃",IF(J10="変色","50〜55℃",IF(I10="変色","45〜50℃",IF(H10="変色","40〜45℃","40℃未満"))))))
M11: =IF(H11="","",IF(L11="変色","60℃以上",IF(K11="変色","55〜60℃",IF(J11="変色","50〜55℃",IF(I11="変色","45〜50℃",IF(H11="変色","40〜45℃","40℃未満"))))))
M12: =IF(H12="","",IF(L12="変色","60℃以上",IF(K12="変色","55〜60℃",IF(J12="変色","50〜55℃",IF(I12="変色","45〜50℃",IF(H12="変色","40〜45℃","40℃未満"))))))
M13: =IF(H13="","",IF(L13="変色","60℃以上",IF(K13="変色","55〜60℃",IF(J13="変色","50〜55℃",IF(I13="変色","45〜50℃",IF(H13="変色","40〜45℃","40℃未満"))))))
M14: =IF(H14="","",IF(L14="変色","60℃以上",IF(K14="変色","55〜60℃",IF(J14="変色","50〜55℃",IF(I14="変色","45〜50℃",IF(H14="変色","40〜45℃","40℃未満"))))))
... M151: =IF(H151="","",IF(L151="変色","60℃以上",IF(K151="変色","55〜60℃",IF(J151="変色","50〜55℃",IF(I151="変色","45〜50℃",IF(H151="変色","40〜45℃","40℃未満"))))))
A153: 不可逆性示温ラベルは冷えても色が戻らないため、ガントリーから出すまでの遅延に影響されず最高到達温度が残る。
A154: 限界：温度の時間変化は取得できない。ファントムは血流による冷却を再現していないため、生体より高温側に出る（安全側の評価）。

Sheet 07_延期症例
A1: 症例No | B1: 依頼日 | C1: 初回予約日 | D1: 実施日 | E1: 撮影部位 | F1: ネイル種別 | G1: 延期 | H1: 延期理由 | I1: 未受検 | J1: 依頼→実施 日数 | K1: 延期例の日数 | L1: 非延期例の日数 | M1: 備考
A2: C-001 | B2: 46028 | C2: 46035 | D2: 46057 | E2: 頭部 | F2: マグネットネイル | G2: 有 | H2: ネイル除去のため | I2: 非該当 | J2: =IF(OR(B2="",D2=""),"",D2-B2) | K2: =IF(AND(G2="有",J2<>""),J2,"") | L2: =IF(AND(G2="無",J2<>""),J2,"")
J3: =IF(OR(B3="",D3=""),"",D3-B3) | K3: =IF(AND(G3="有",J3<>""),J3,"") | L3: =IF(AND(G3="無",J3<>""),J3,"")
J4: =IF(OR(B4="",D4=""),"",D4-B4) | K4: =IF(AND(G4="有",J4<>""),J4,"") | L4: =IF(AND(G4="無",J4<>""),J4,"")
J5: =IF(OR(B5="",D5=""),"",D5-B5) | K5: =IF(AND(G5="有",J5<>""),J5,"") | L5: =IF(AND(G5="無",J5<>""),J5,"")
J6: =IF(OR(B6="",D6=""),"",D6-B6) | K6: =IF(AND(G6="有",J6<>""),J6,"") | L6: =IF(AND(G6="無",J6<>""),J6,"")
J7: =IF(OR(B7="",D7=""),"",D7-B7) | K7: =IF(AND(G7="有",J7<>""),J7,"") | L7: =IF(AND(G7="無",J7<>""),J7,"")
J8: =IF(OR(B8="",D8=""),"",D8-B8) | K8: =IF(AND(G8="有",J8<>""),J8,"") | L8: =IF(AND(G8="無",J8<>""),J8,"")
J9: =IF(OR(B9="",D9=""),"",D9-B9) | K9: =IF(AND(G9="有",J9<>""),J9,"") | L9: =IF(AND(G9="無",J9<>""),J9,"")
J10: =IF(OR(B10="",D10=""),"",D10-B10) | K10: =IF(AND(G10="有",J10<>""),J10,"") | L10: =IF(AND(G10="無",J10<>""),J10,"")
J11: =IF(OR(B11="",D11=""),"",D11-B11) | K11: =IF(AND(G11="有",J11<>""),J11,"") | L11: =IF(AND(G11="無",J11<>""),J11,"")
J12: =IF(OR(B12="",D12=""),"",D12-B12) | K12: =IF(AND(G12="有",J12<>""),J12,"") | L12: =IF(AND(G12="無",J12<>""),J12,"")
J13: =IF(OR(B13="",D13=""),"",D13-B13) | K13: =IF(AND(G13="有",J13<>""),J13,"") | L13: =IF(AND(G13="無",J13<>""),J13,"")
J14: =IF(OR(B14="",D14=""),"",D14-B14) | K14: =IF(AND(G14="有",J14<>""),J14,"") | L14: =IF(AND(G14="無",J14<>""),J14,"")
... J301: =IF(OR(B301="",D301=""),"",D301-B301) | K301: =IF(AND(G301="有",J301<>""),J301,"") | L301: =IF(AND(G301="無",J301<>""),J301,"")
A303: 「未受検」は、延期後に再予約されず検査が実施されないまま終わった症例。最も重い指標なので必ず拾ってください。

Sheet 08_延期集計
A1: 延期の実態（07_延期症例 から自動計算。入力不要）
A2: 発表の導入スライドはこの表の数値を使います。
A4: 対象症例数 | B4: =COUNTA('07_延期症例'!$A$2:$A$301) | C4: 07に記録した全症例
A5: 延期件数 | B5: =COUNTIF('07_延期症例'!$G$2:$G$301,"有") | C5: ネイルを理由に延期した件数
A6: 延期率 | B6: =IFERROR(B5/B4,"") | C6: 延期件数 ÷ 対象症例数
A7: 未受検（脱落）件数 | B7: =COUNTIF('07_延期症例'!$I$2:$I$301,"該当") | C7: 延期後に再予約されず終わった症例。最重要指標
A8: 依頼→実施 日数 中央値（全体） | B8: =IFERROR(MEDIAN('07_延期症例'!$J$2:$J$301),"") | C8: 全症例
A9: 同 中央値（延期例） | B9: =IFERROR(MEDIAN('07_延期症例'!$K$2:$K$301),"") | C9: 延期した症例のみ。発表の主役の数字
A10: 同 中央値（非延期例） | B10: =IFERROR(MEDIAN('07_延期症例'!$L$2:$L$301),"") | C10: 延期しなかった症例のみ
A11: 延期による遅れ（差） | B11: =IFERROR(IF(OR(B9="",B10=""),"",B9-B10),"") | C11: 延期例 − 非延期例。これが「診断の遅れ」
A13: 部位別の内訳 | C13: 案Bの距離依存性の結果と突き合わせ、「回避できたはずの遅れ」を出します
A14: 撮影部位 | B14: 延期件数 | C14: 構成比
A15: 頭部 | B15: =COUNTIFS('07_延期症例'!$E$2:$E$301,$A15,'07_延期症例'!$G$2:$G$301,"有") | C15: =IFERROR(B15/$B$5,"")
A16: 体幹部 | B16: =COUNTIFS('07_延期症例'!$E$2:$E$301,$A16,'07_延期症例'!$G$2:$G$301,"有") | C16: =IFERROR(B16/$B$5,"")
A17: 手・手関節 | B17: =COUNTIFS('07_延期症例'!$E$2:$E$301,$A17,'07_延期症例'!$G$2:$G$301,"有") | C17: =IFERROR(B17/$B$5,"")
A18: 四肢（手以外） | B18: =COUNTIFS('07_延期症例'!$E$2:$E$301,$A18,'07_延期症例'!$G$2:$G$301,"有") | C18: =IFERROR(B18/$B$5,"")
A19: その他 | B19: =COUNTIFS('07_延期症例'!$E$2:$E$301,$A19,'07_延期症例'!$G$2:$G$301,"有") | C19: =IFERROR(B19/$B$5,"")
A20: 合計 | B20: =SUM(B15:B19) | C20: =IFERROR(B20/$B$5,"")
A22: 頭部・体幹部の延期件数は、案Bで「画像への影響は検出されなかった」と示せた場合、そのまま「回避できたはずの遅れ」として提示できます。

Sheet 09_スクリーニング検証
A1: 簡易磁石テストの性能評価（案E-3）
A2: 「基準判定」は案A・案Bの結果から決めた正解ラベル。磁石テストの結果と突き合わせます。
A4: 試料ID | B4: 磁石テスト結果 | C4: 基準判定 | D4: 判定者 | E4: 備考 | G4: 2×2 表
A5: S-01 | B5: 陽性 | C5: 磁性あり | D5: 山田 | E5: 冷蔵庫マグネット・5mm | H5: 磁性あり | I5: 磁性なし
G6: テスト陽性 | H6: =COUNTIFS($B$5:$B$204,"陽性",$C$5:$C$204,"磁性あり") | I6: =COUNTIFS($B$5:$B$204,"陽性",$C$5:$C$204,"磁性なし")
G7: テスト陰性 | H7: =COUNTIFS($B$5:$B$204,"陰性",$C$5:$C$204,"磁性あり") | I7: =COUNTIFS($B$5:$B$204,"陰性",$C$5:$C$204,"磁性なし")
G9: 指標
G10: 感度（見逃しの少なさ） | H10: =IFERROR(H6/(H6+H7),"") | I10: 磁性ありを正しく陽性と判定できた割合
G11: 特異度（空振りの少なさ） | H11: =IFERROR(I7/(I7+I6),"") | I11: 磁性なしを正しく陰性と判定できた割合
G12: 陽性的中率（PPV） | H12: =IFERROR(H6/(H6+I6),"") | I12: 陽性と出たもののうち実際に磁性ありの割合
G13: 陰性的中率（NPV） | H13: =IFERROR(I7/(I7+H7),"") | I13: 陰性と出たもののうち実際に磁性なしの割合
G14: 正確度 | H14: =IFERROR((H6+I7)/(H6+I6+H7+I7),"") | I14: 全体の一致率
G16: 受付で使うテストなので、重視すべきは感度（磁性ありを見逃さないこと）。

Sheet 10_撮影ログ
A1: 実施日 | B1: 装置 | C1: 開始 | D1: 終了 | E1: 所要 (h) | F1: 目的・実施内容 | G1: 立会者 | H1: 試料点数 | I1: 特記事項・中断の有無
A2: 46063 | B2: 3T | C2: 0.77083333 | D2: 0.875 | E2: =IF(OR(C2="",D2=""),"",ROUND((D2-C2)*24,1)) | F2: 案B 距離依存性 撮影 | G2: 山田・佐藤 | H2: 12 | I2: 異常なし
E3: =IF(OR(C3="",D3=""),"",ROUND((D3-C3)*24,1))
E4: =IF(OR(C4="",D4=""),"",ROUND((D4-C4)*24,1))
E5: =IF(OR(C5="",D5=""),"",ROUND((D5-C5)*24,1))
E6: =IF(OR(C6="",D6=""),"",ROUND((D6-C6)*24,1))
E7: =IF(OR(C7="",D7=""),"",ROUND((D7-C7)*24,1))
E8: =IF(OR(C8="",D8=""),"",ROUND((D8-C8)*24,1))
E9: =IF(OR(C9="",D9=""),"",ROUND((D9-C9)*24,1))
E10: =IF(OR(C10="",D10=""),"",ROUND((D10-C10)*24,1))
E11: =IF(OR(C11="",D11=""),"",ROUND((D11-C11)*24,1))
E12: =IF(OR(C12="",D12=""),"",ROUND((D12-C12)*24,1))
E13: =IF(OR(C13="",D13=""),"",ROUND((D13-C13)*24,1))
E14: =IF(OR(C14="",D14=""),"",ROUND((D14-C14)*24,1))
... E151: =IF(OR(C151="",D151=""),"",ROUND((D151-C151)*24,1))
A153: 立会者は必ず2名以上。時間外の単独作業は行わないこと。

Sheet 11_安全チェックリスト
A1: 安全チェックリスト（撮影のたびに確認）
A2: 実施日と実施者を記入し、各項目を確認してから検査室に入ってください。このシートを印刷して使うこともできます。
A4: 実施日 | C4: 実施者
A6: 区分 | E6: 確認項目 | F6: 確認
A7: 実施前 | B7: 強力磁石（ネオジム磁石）を検査室に持ち込んでいないこと。模様付けと硬化は検査室外で完了させる
A8: 実施前 | B8: 金属を含む温度計・工具・治具を持ち込んでいないこと。治具は樹脂・木材など非磁性材であること
A9: 実施前 | B9: 全試料に回収用の索を付け、確実に固定したこと
A10: 実施前 | B10: 立会者が2名以上そろっていること
A11: 実施前 | B11: 中止基準を共有したこと（異音／試料のズレ／示温ラベルの想定外の変色 → 即中断）
A12: 実施前 | B12: 持ち込み物を一覧で確認したこと
A13: 実施中 | B13: 人体（自分の手を含む）の撮影を行っていないこと。ファントムのみであること
A14: 実施中 | B14: 試料の位置ずれがないことを撮影ごとに確認したこと
A15: 実施後 | B15: 全試料を回収し、点数が一致することを確認したこと
A16: 実施後 | B16: 撮影条件と実施内容を 10_撮影ログ に記録したこと
A17: 実施後 | B17: 検査室内に持ち込み物が残っていないことを確認したこと
A19: 人体でのMRI撮影は行わない。ファントムのみ。これは例外なく守ってください。
